Account Name,Street,City,State or Province,Postal Code,Country,Latitude,Longitude,Phone,Annual Revenue,Number of Employees,Account Owner,AccountID,Industry Lookup,Territory,Region,AccountSeq,IndustrySeq,AccountOwnerSeq,Industry,Account Number
Abbott Group  (Andorra),7 Manitowish Avenue,Montgomery,AL,36109,United States,32.3834,-86.2434,+1-334-751-6344,94000000,9300,Spencer Low,113999f9-dd1e-eb11-a814-000d3a9c7ff2,Real Estate Investment Trusts,US-SOUTH,North America,1002,37,7,Real Estate Investment Trusts,AN-100003
"Abernathy and Sons (Stapleford, United Kingdom)",3 Mitchell Court,New Orleans,LA,70154,United States,30.033,-89.8826,+1-504-645-6003,108000000,8700,Molly Clark,322492b1-e41e-eb11-a814-000d3a9c7ff2,Business Services,US-SOUTH,North America,1004,4,1,Business Services,AN-100005
"Bahringer, Johns and Jacobs",44 Hauk Drive,Pensacola,FL,32520,United States,30.4124,-87.2035,+1-850-403-0979,173000000,1500,David So,9c3f73c9-e41e-eb11-a814-000d3a9c7ff2,n/a,US-SOUTH,North America,1005,0,9,n/a,AN-100006
"Reilly-Kovacek (Lagny-sur-Marne, France)",3552 Dwight Terrace,Naples,FL,34102,United States,26.134,-81.7953,+1-941-272-7750,30000000,4000,Spencer Low,36b0eba1-e51e-eb11-a814-000d3a9c7ff2,"Computer Software: Programming, Data Processing",US-SOUTH,North America,1007,8,7,"Computer Software: Programming, Data Processing",AN-100008
"Waters-Nitzsche (Tyler, Texas)",296 Dunning Junction,Houston,TX,77030,United States,29.7041,-95.401,+1-832-817-3390,30000000,6300,Molly Clark,f2026cde-f31e-eb11-a814-000d3a9c7ff2,Real Estate,US-SOUTH,North America,1008,36,1,Real Estate,AN-100009
"Koch and Sons (Uurainen, Finland)",8 Service Circle,Richmond,VA,23289,United States,37.5313,-77.4161,+1-804-805-5449,49000000,9000,David So,e4e99a85-e31e-eb11-a814-000d3a9c7ff2,Medical/Nursing Services,US-SOUTH,North America,1011,26,9,Medical/Nursing Services,AN-100012
Abbott Group  (New York),199 Muir Terrace,Pompano Beach,FL,33064,United States,26.2785,-80.1157,+1-561-588-5166,53000000,3700,Spencer Low,2e1ab4d2-eb1e-eb11-a814-000d3a9c7ff2,Industrial Machinery/Components,US-SOUTH,North America,1024,16,7,Industrial Machinery/Components,AN-100025
Nader-Bruen,444 Bowman Junction,Jackson,MS,39296,United States,32.3113,-90.3972,+1-601-376-3467,189000000,6100,David So,c6b511b2-e21e-eb11-a814-000d3a9c7ff2,Other Specialty Stores,US-SOUTH,North America,1029,31,9,Other Specialty Stores,AN-100030
Steuber-Willms,60846 2nd Street,Sarasota,FL,34233,United States,27.2866,-82.477,+1-941-514-6602,49000000,6400,David So,b1cbf0fc-ec1e-eb11-a814-000d3a9c7ff2,n/a,US-SOUTH,North America,1031,0,9,n/a,AN-100032
"Dickinson Inc (Laval, France)",5 Emmet Parkway,Baltimore,MD,21203,United States,39.2847,-76.6205,+1-410-840-5657,26000000,10000,Spencer Low,a471f8f6-ec1e-eb11-a814-000d3a9c7ff2,Industrial Machinery/Components,US-SOUTH,North America,1032,16,7,Industrial Machinery/Components,AN-100033
Abbott Group  (Morocco),196 Prentice Plaza,Arlington,VA,22212,United States,38.8808,-77.113,+1-571-550-4672,36000000,9300,David So,75161419-dd1e-eb11-a814-000d3a9c7ff2,Precious Metals,US-SOUTH,North America,1043,34,9,Precious Metals,AN-100044
"Dickens and Sons (Maple Creek, Canada)",6594 John Wall Avenue,El Paso,TX,88558,United States,31.6948,-106.3,+1-915-570-1184,39000000,4700,Molly Clark,a8b711b2-e21e-eb11-a814-000d3a9c7ff2,Air Freight/Delivery Services,US-SOUTH,North America,1045,1,1,Air Freight/Delivery Services,AN-100046
"Veum, Mohr and Kertzmann",37250 Westend Road,Houston,TX,77060,United States,29.9335,-95.3981,+1-281-725-0592,91000000,4500,Molly Clark,1e11830a-f71e-eb11-a814-000d3a9c7ff2,n/a,US-SOUTH,North America,1047,0,1,n/a,AN-100048
"Hermann Inc (Gravelbourg, Canada)",5747 Tennyson Junction,Dallas,TX,75392,United States,32.7673,-96.7776,+1-214-692-0559,42000000,4400,Molly Clark,a325615e-f31e-eb11-a814-000d3a9c7ff2,Real Estate Investment Trusts,US-SOUTH,North America,1049,37,1,Real Estate Investment Trusts,AN-100050
Abbott Group  (Florida),9 Delaware Pass,El Paso,TX,88553,United States,31.6948,-106.3,+1-915-530-6084,99000000,5400,Molly Clark,b85d45fc-f31e-eb11-a814-000d3a9c7ff2,Major Pharmaceuticals,US-SOUTH,North America,1051,22,1,Major Pharmaceuticals,AN-100052
Abbott Group  (Kansas),34668 Summer Ridge Plaza,Lubbock,TX,79415,United States,33.6021,-101.876,+1-806-956-9245,44000000,3500,Molly Clark,55e2327c-f71e-eb11-a814-000d3a9c7ff2,Clothing/Shoe/Accessory Stores,US-SOUTH,North America,1053,5,1,Clothing/Shoe/Accessory Stores,AN-100054
"Purdy, Cassin and Ryan",9701 Elgar Drive,Bradenton,FL,34210,United States,27.4544,-82.6358,+1-941-262-9845,85000000,3900,David So,52cc63d5-e41e-eb11-a814-000d3a9c7ff2,Major Pharmaceuticals,US-SOUTH,North America,1060,22,9,Major Pharmaceuticals,AN-100061
"Stroman, Jacobs and Lubowitz",584 Mcguire Crossing,Raleigh,NC,27621,United States,35.7977,-78.6253,+1-919-822-6066,66000000,8900,David So,b94eedc4-f71e-eb11-a814-000d3a9c7ff2,n/a,US-SOUTH,North America,1062,0,9,n/a,AN-100063
"Gerlach-Schimmel (Saint-Jean-de-Védas, France)",348 Forest Dale Alley,Austin,TX,78726,United States,30.43,-97.8326,+1-512-699-4811,25000000,4100,Molly Clark,e1bac830-f81e-eb11-a814-000d3a9c7ff2,Major Chemicals,US-SOUTH,North America,1075,21,1,Major Chemicals,AN-100076
"Abbott Inc and Sons (Wichita Falls, Texas)",824 Hoard Road,El Paso,TX,88584,United States,31.6948,-106.3,+1-915-834-4845,95000000,6400,Molly Clark,bd4720d6-f21e-eb11-a814-000d3a9c7ff2,Oil & Gas Production,US-SOUTH,North America,1077,27,1,Oil & Gas Production,AN-100078
"Bechtelar Group (Colorado Springs, Colorado)",28370 Spohn Pass,Miami,FL,33142,United States,25.813,-80.232,+1-954-372-1050,17000000,5300,David So,dab9d819-f11e-eb11-a814-000d3a9c7ff2,Computer Software: Prepackaged Software,US-SOUTH,North America,1079,7,9,Computer Software: Prepackaged Software,AN-100080
"Feest LLC (Tsukuba, Japan)",55 Farwell Circle,Tallahassee,FL,32304,United States,30.4478,-84.3211,+1-850-420-1626,32000000,4600,Spencer Low,8159cbc0-eb1e-eb11-a814-000d3a9c7ff2,n/a,US-SOUTH,North America,1082,0,7,n/a,AN-100083
"Welch Group (New-Richmond, Canada)",92710 Kenwood Terrace,Atlanta,GA,30351,United States,33.8444,-84.474,+1-404-480-5039,76000000,6600,David So,96ac10c0-f41e-eb11-a814-000d3a9c7ff2,Industrial Machinery/Components,US-SOUTH,North America,1086,16,9,Industrial Machinery/Components,AN-100087
"Lubowitz Group (Seattle, Washington)",634 Express Junction,Arlington,VA,22212,United States,38.8808,-77.113,+1-571-230-4357,97000000,4000,David So,69095e84-f41e-eb11-a814-000d3a9c7ff2,n/a,US-SOUTH,North America,1091,0,9,n/a,AN-100092
"Schroeder Group (Askim, Norway)",1 Pierstorff Park,Arlington,VA,22225,United States,38.8808,-77.113,+1-571-765-3932,56000000,3300,Spencer Low,d153568a-f41e-eb11-a814-000d3a9c7ff2,Integrated oil Companies,US-SOUTH,North America,1092,17,7,Integrated oil Companies,AN-100093
"Rath, Lind and Deckow",2 Banding Drive,Johnson City,TN,37605,United States,36.3158,-82.3838,+1-423-211-2450,75000000,7300,David So,7d6662d6-f11e-eb11-a814-000d3a9c7ff2,Hospital/Nursing Management,US-SOUTH,North America,1093,15,9,Hospital/Nursing Management,AN-100094
"Kling, Conroy and Abbott",321 Ridgeview Lane,Manassas,VA,22111,United States,38.7202,-77.4391,+1-434-214-9811,15000000,8400,David So,5f896d78-f41e-eb11-a814-000d3a9c7ff2,Ordnance And Accessories,US-SOUTH,North America,1094,30,9,Ordnance And Accessories,AN-100095
"Bosco LLC (Omigawa, Japan)",921 Lakeland Point,Charlotte,NC,28289,United States,35.26,-80.8042,+1-704-131-5302,15000000,4000,Spencer Low,1ccb99ab-e41e-eb11-a814-000d3a9c7ff2,n/a,US-SOUTH,North America,1097,0,7,n/a,AN-100098
"Watsica Inc (Strasbourg, France)",5 Ramsey Way,Jackson,MS,39296,United States,32.3113,-90.3972,+1-601-597-2151,36000000,7400,David So,85f49ce4-eb1e-eb11-a814-000d3a9c7ff2,Major Banks,US-SOUTH,North America,1098,20,9,Major Banks,AN-100099
"Crooks, Nicolas and Turcotte",48 Kensington Terrace,Washington,DC,20370,United States,38.8933,-77.0146,+1-202-645-1756,87000000,9400,David So,baecb22c-ed1e-eb11-a814-000d3a9c7ff2,Marine Transportation,US-SOUTH,North America,1100,23,9,Marine Transportation,AN-100101
Glover-Hane,0 Jenna Drive,Athens,GA,30605,United States,33.9321,-83.3525,+1-706-704-3307,43000000,3600,Spencer Low,793a83cc-f31e-eb11-a814-000d3a9c7ff2,Electric Utilities: Central,US-SOUTH,North America,1101,11,7,Electric Utilities: Central,AN-100102
Abbott Inc and Sons  (Louisiana),19 Buell Parkway,Beaumont,TX,77705,United States,30.0211,-94.1157,+1-936-371-3330,75000000,5500,Molly Clark,51ee8834-f31e-eb11-a814-000d3a9c7ff2,Savings Institutions,US-SOUTH,North America,1103,40,1,Savings Institutions,AN-100104
"Schowalter-White (Hyrynsalmi, Finland)",86 Autumn Leaf Lane,Atlanta,GA,30368,United States,33.8444,-84.474,+1-404-898-9957,122000000,6200,David So,b4ee9ce4-eb1e-eb11-a814-000d3a9c7ff2,Specialty Foods,US-SOUTH,North America,1112,41,9,Specialty Foods,AN-100113
"Schulist, Casper and Dickinson",1897 Anderson Lane,Fort Lauderdale,FL,33310,United States,26.1443,-80.2069,+1-754-223-8050,19000000,6100,Spencer Low,56cc64af-e31e-eb11-a814-000d3a9c7ff2,Food Distributors,US-SOUTH,North America,1114,12,7,Food Distributors,AN-100115
"Hayes, Kozey and Halvorson",5126 Starling Plaza,Greensboro,NC,27409,United States,36.0777,-79.9086,+1-336-327-1232,18000000,4200,David So,854462d7-e61e-eb11-a814-000d3a9c7ff2,Specialty Foods,US-SOUTH,North America,1115,41,9,Specialty Foods,AN-100116
"Powlowski Group (Porsgrunn, Norway)",63900 Veith Pass,Lexington,KY,40510,United States,38.0702,-84.591,+1-859-923-2082,24000000,3600,David So,ae3a1861-f61e-eb11-a814-000d3a9c7ff2,Real Estate Investment Trusts,US-SOUTH,North America,1118,37,9,Real Estate Investment Trusts,AN-100119
"Torphy LLC (Les Coteaux, Canada)",689 Farwell Alley,Marietta,GA,30066,United States,34.0378,-84.5038,+1-404-504-7966,38000000,7100,Spencer Low,3bc4da0b-f31e-eb11-a814-000d3a9c7ff2,Major Chemicals,US-SOUTH,North America,1119,21,7,Major Chemicals,AN-100120
"Abbott Inc and Sons (Salinas, California)",2 Maple Crossing,Nashville,TN,37220,United States,36.0641,-86.7697,+1-615-679-6858,45000000,9400,David So,615b89b2-f81e-eb11-a814-000d3a9c7ff2,Medical Specialities,US-SOUTH,North America,1120,24,9,Medical Specialities,AN-100121
"Jones, Kihn and Fadel",1917 Fulton Junction,Fairfax,VA,22036,United States,38.7351,-77.0796,+1-571-734-1407,62000000,9100,David So,2f6f9828-f31e-eb11-a814-000d3a9c7ff2,Home Furnishings,US-SOUTH,North America,1123,14,9,Home Furnishings,AN-100124
Abbott Inc and Sons  (Michigan),061 Atwood Point,Houston,TX,77260,United States,29.7687,-95.3867,+1-713-250-6722,67000000,4000,Molly Clark,867843ee-f11e-eb11-a814-000d3a9c7ff2,Major Pharmaceuticals,US-SOUTH,North America,1127,22,1,Major Pharmaceuticals,AN-100128
"Kilback Inc (Sakado, Japan)",3 Messerschmidt Plaza,Conroe,TX,77305,United States,30.2906,-95.3832,+1-936-216-9897,19000000,7800,Molly Clark,32dfdefd-e51e-eb11-a814-000d3a9c7ff2,Major Pharmaceuticals,US-SOUTH,North America,1133,22,1,Major Pharmaceuticals,AN-100134
"Blanda, Collins and Doyle",123 Kinsman Plaza,Atlanta,GA,30375,United States,33.8444,-84.474,+1-404-652-3723,174000000,8000,David So,1329e80d-f11e-eb11-a814-000d3a9c7ff2,Computer Software: Prepackaged Software,US-SOUTH,North America,1134,7,9,Computer Software: Prepackaged Software,AN-100135
"Heaney and Sons (Nantes, France)",12095 Evergreen Place,Arlington,TX,76096,United States,32.7714,-97.2915,+1-817-956-3305,95000000,9700,Molly Clark,15168e87-f51e-eb11-a814-000d3a9c7ff2,Major Pharmaceuticals,US-SOUTH,North America,1139,22,1,Major Pharmaceuticals,AN-100140
Abbott LLC  (Arizona),4 Lawn Street,Richmond,VA,23203,United States,37.5593,-77.4471,+1-804-206-2007,21000000,9700,David So,f5b4eba1-e51e-eb11-a814-000d3a9c7ff2,Real Estate Investment Trusts,US-SOUTH,North America,1147,37,9,Real Estate Investment Trusts,AN-100148
"Kuhlman and Sons (Marne-la-Vallée, France)",2 Huxley Pass,Athens,GA,30610,United States,33.9443,-83.3891,+1-706-935-2597,78000000,4800,David So,b35474a3-e31e-eb11-a814-000d3a9c7ff2,Major Chemicals,US-SOUTH,North America,1153,21,9,Major Chemicals,AN-100154
"Torp Inc (Nantes, France)",5 Doe Crossing Drive,Houston,TX,77281,United States,29.834,-95.4342,+1-713-236-3020,108000000,8700,Molly Clark,293f73c9-e41e-eb11-a814-000d3a9c7ff2,Oilfield Services/Equipment,US-SOUTH,North America,1154,29,1,Oilfield Services/Equipment,AN-100155
Toy-Wilderman,25264 Mariners Cove Way,Richmond,VA,23289,United States,37.5313,-77.4161,+1-804-782-7133,158000000,7900,David So,6797ed0c-f81e-eb11-a814-000d3a9c7ff2,EDP Services,US-SOUTH,North America,1164,10,9,EDP Services,AN-100165
Abbott LLC  (Nebraska),2650 Autumn Leaf Plaza,Springfield,VA,22156,United States,38.8318,-77.2888,+1-571-314-0540,75000000,7900,David So,0306a544-f41e-eb11-a814-000d3a9c7ff2,Property-Casualty Insurers,US-SOUTH,North America,1169,35,9,Property-Casualty Insurers,AN-100170
Abbott LLC  (Minnesota),4 Cordelia Crossing,Birmingham,AL,35220,United States,33.5446,-86.9292,+1-205-411-9570,94000000,3900,Spencer Low,b6b85fab-f51e-eb11-a814-000d3a9c7ff2,Savings Institutions,US-SOUTH,North America,1175,40,7,Savings Institutions,AN-100176
Bailey-Hansen,13006 Burrows Crossing,Charlotte,NC,28256,United States,35.26,-80.8042,+1-704-539-1461,49000000,6400,David So,2f6143ef-e61e-eb11-a814-000d3a9c7ff2,Oil & Gas Production,US-SOUTH,North America,1181,27,9,Oil & Gas Production,AN-100182
Reichel-Lang,5 Canary Road,El Paso,TX,88546,United States,31.6948,-106.3,+1-915-174-9216,26000000,10000,Molly Clark,a97ec1cb-e51e-eb11-a814-000d3a9c7ff2,Computer Manufacturing,US-SOUTH,North America,1182,6,1,Computer Manufacturing,AN-100183
"Swaniawski-Murray (Nakama, Japan)",836 Sommers Point,Washington,DC,20337,United States,38.8933,-77.0146,+1-202-656-8428,36000000,6800,Spencer Low,50f825de-f01e-eb11-a814-000d3a9c7ff2,Major Pharmaceuticals,US-SOUTH,North America,1185,22,7,Major Pharmaceuticals,AN-100186
"Reilly Inc (El Paso, Texas)",35 Del Mar Parkway,Birmingham,AL,35254,United States,33.5446,-86.9292,+1-205-985-7819,39000000,4700,David So,2049629a-f71e-eb11-a814-000d3a9c7ff2,Paper,US-SOUTH,North America,1195,33,9,Paper,AN-100196
Abbott LLC  (Nevada),8 Cascade Hill,Atlanta,GA,31190,United States,33.7629,-84.4226,+1-404-672-7471,95000000,4300,David So,c76cfac3-e21e-eb11-a814-000d3a9c7ff2,Industrial Machinery/Components,US-SOUTH,North America,1196,16,9,Industrial Machinery/Components,AN-100197
"Abbott, Abbott and Tillman",004 Troy Street,Little Rock,AR,72215,United States,34.7519,-92.3925,+1-501-738-6907,107000000,6200,Molly Clark,f8d298ea-df1e-eb11-a814-000d3a9c7ff2,Computer Software: Prepackaged Software,US-SOUTH,North America,1202,7,1,Computer Software: Prepackaged Software,AN-100203
"Abbott, Ankunding and Schuster",7915 Bayside Circle,Columbus,GA,31914,United States,32.491,-84.8741,+1-706-304-0407,176000000,7600,David So,3c66acd8-eb1e-eb11-a814-000d3a9c7ff2,Medical Specialities,US-SOUTH,North America,1205,24,9,Medical Specialities,AN-100206
"Abbott, Beahan and Lakin",93 Summerview Lane,Bradenton,FL,34205,United States,27.4841,-82.5834,+1-941-821-4273,77000000,6100,David So,2e6d3713-e61e-eb11-a814-000d3a9c7ff2,Major Chemicals,US-SOUTH,North America,1207,21,9,Major Chemicals,AN-100208
"Abbott, Bernhard and Kautzer",179 Havey Hill,Lubbock,TX,79491,United States,33.61,-101.8213,+1-806-149-8924,91000000,6500,Molly Clark,dfa94a64-f71e-eb11-a814-000d3a9c7ff2,Major Banks,US-SOUTH,North America,1214,20,1,Major Banks,AN-100215
"Abbott, Boyle and Hilll",73847 Miller Terrace,Memphis,TN,38119,United States,35.0821,-89.8501,+1-901-978-9175,39000000,4400,David So,c3c35fab-f51e-eb11-a814-000d3a9c7ff2,Ordnance And Accessories,US-SOUTH,North America,1220,30,9,Ordnance And Accessories,AN-100221
"Abbott, Connelly and Pagac",9 Elgar Road,Charlottesville,VA,22903,United States,38.0339,-78.4924,+1-540-738-5545,25000000,4100,David So,7d51cbc0-eb1e-eb11-a814-000d3a9c7ff2,Restaurants,US-SOUTH,North America,1225,39,9,Restaurants,AN-100226
"Abbott, D'Amore and Gleichner",3832 Nelson Place,New Orleans,LA,70129,United States,30.0877,-89.8462,+1-504-215-9372,32000000,4600,Molly Clark,5440c925-f11e-eb11-a814-000d3a9c7ff2,Clothing/Shoe/Accessory Stores,US-SOUTH,North America,1232,5,1,Clothing/Shoe/Accessory Stores,AN-100233
"Abbott, Durgan and Gislason",746 Union Alley,Meridian,MS,39305,United States,32.4401,-88.6783,+1-601-170-8001,98000000,7200,David So,4b57fffb-f01e-eb11-a814-000d3a9c7ff2,Medical/Nursing Services,US-SOUTH,North America,1237,26,9,Medical/Nursing Services,AN-100238
"Abbott, Durgan and Zulauf",9463 Valley Edge Court,Washington,DC,20525,United States,38.8933,-77.0146,+1-202-498-3448,150000000,6900,David So,63cbc428-f91e-eb11-a814-000d3a9c7ff2,Transportation Services,US-SOUTH,North America,1239,43,9,Transportation Services,AN-100240
"Abbott, Farrell and VonRueden",57821 Hagan Way,Charlotte,NC,28205,United States,35.22,-80.7881,+1-704-167-5721,15000000,8400,Spencer Low,170f5db5-e31e-eb11-a814-000d3a9c7ff2,Major Banks,US-SOUTH,North America,1244,20,7,Major Banks,AN-100245
"Abbott, Gislason and Hoppe",136 Fisk Junction,Atlanta,GA,31165,United States,33.7629,-84.4226,+1-404-682-1466,43000000,3600,David So,22cd64af-e31e-eb11-a814-000d3a9c7ff2,Food Distributors,US-SOUTH,North America,1251,12,9,Food Distributors,AN-100252
"Abbott, Greenholt and Eichmann",1 Dunning Parkway,Saint Petersburg,FL,33737,United States,27.8918,-82.7248,+1-727-616-4452,16000000,8000,David So,3396f17e-f61e-eb11-a814-000d3a9c7ff2,Savings Institutions,US-SOUTH,North America,1261,40,9,Savings Institutions,AN-100262
"Abbott, Gutmann and Brekke",3 Talisman Alley,Fort Smith,AR,72905,United States,35.191,-94.2382,+1-479-304-5993,82000000,3100,Molly Clark,13f89391-f11e-eb11-a814-000d3a9c7ff2,Marine Transportation,US-SOUTH,North America,1266,23,1,Marine Transportation,AN-100267
"Abbott, Hackett and Simonis",70 Arrowood Drive,Oklahoma City,OK,73119,United States,35.421,-97.5616,+1-405-274-9086,27000000,4700,Molly Clark,a879f9d1-f41e-eb11-a814-000d3a9c7ff2,Oil/Gas Transmission,US-SOUTH,North America,1267,28,1,Oil/Gas Transmission,AN-100268
"Abbott, Hirthe and VonRueden",680 Luster Road,Washington,DC,20088,United States,38.8933,-77.0146,+1-202-943-4320,94000000,5600,David So,ff2f73c9-e41e-eb11-a814-000d3a9c7ff2,Major Pharmaceuticals,US-SOUTH,North America,1287,22,9,Major Pharmaceuticals,AN-100288
"Abbott, Homenick and Stracke",1494 Maple Crossing,Houston,TX,77250,United States,29.7629,-95.3629,+1-713-642-2929,64000000,6500,Molly Clark,6be354f0-f31e-eb11-a814-000d3a9c7ff2,Savings Institutions,US-SOUTH,North America,1290,40,1,Savings Institutions,AN-100291
"Abbott, Howell and Klein",02281 Northport Park,Little Rock,AR,72222,United States,34.7519,-92.3925,+1-501-290-8810,52000000,7600,Molly Clark,66378543-e51e-eb11-a814-000d3a9c7ff2,Automotive Aftermarket,US-SOUTH,North America,1291,2,1,Automotive Aftermarket,AN-100292
"Abbott, Hudson and Effertz",37632 Independence Way,El Paso,TX,79911,United States,31.8925,-106.5426,+1-915-396-4922,69000000,7600,Molly Clark,19c08329-f01e-eb11-a814-000d3a9c7ff2,Real Estate Investment Trusts,US-SOUTH,North America,1292,37,1,Real Estate Investment Trusts,AN-100293
A. Datum Corporation  (U.S.),32097 Merchant Avenue,Columbus,OH,43210,United States,40.0028,-83.0164,+1-614-250-0234,87000000,3800,Eric Gruber,1c6090f3-8f1c-eb11-a813-000d3a9c7ffa,Oil & Gas Production,US-MIDWEST,North America,1000,27,2,Oil & Gas Production,AN-100001
"Wiegand Group (Arbois, France)",27817 John Wall Street,Pittsburgh,PA,15210,United States,40.4072,-79.9839,+1-412-780-8538,127000000,8300,Julian Isla,22c58905-de1e-eb11-a814-000d3a9c7ff2,Forest Products,US-NORTHEAST,North America,1001,13,4,Forest Products,AN-100002
"O'Reilly Inc (La Plaine-Saint-Denis, France)",35 Golden Leaf Court,Alhambra,CA,91841,United States,33.7866,-118.2987,+1-626-239-1315,78000000,4800,Alicia Thomber,22dde512-f81e-eb11-a814-000d3a9c7ff2,Oil & Gas Production,US-WEST,North America,1003,27,11,Oil & Gas Production,AN-100004
"Runolfsdottir, Cremin and Bins",5 Bayside Point,Pueblo,CO,81010,United States,38.1286,-104.5523,+1-719-965-0748,42000000,9200,Molly Clark,1d4174a3-e31e-eb11-a814-000d3a9c7ff2,Computer Software: Prepackaged Software,US-WEST,North America,1006,7,1,Computer Software: Prepackaged Software,AN-100007
"Koepp and Sons (Levallois-Perret, France)",23618 Susan Point,Boise,ID,83727,United States,43.4599,-116.244,+1-208-652-6938,16000000,6000,Alicia Thomber,5ae6bbcc-eb1e-eb11-a814-000d3a9c7ff2,n/a,US-WEST,North America,1009,0,11,n/a,AN-100010
"Nienow LLC (Tucson, Arizona)",3 Sutteridge Center,Salt Lake City,UT,84170,United States,40.6681,-111.9083,+1-801-413-5479,100000000,9800,Alicia Thomber,41b682bd-e41e-eb11-a814-000d3a9c7ff2,n/a,US-WEST,North America,1013,0,11,n/a,AN-100014
"Kessler, Hegmann and McKenzie",8442 Dwight Parkway,Shawnee Mission,KS,66215,United States,38.949,-94.7405,+1-913-685-5651,89000000,9700,Eric Gruber,3f35dcad-e51e-eb11-a814-000d3a9c7ff2,Medical Specialities,US-MIDWEST,North America,1015,24,2,Medical Specialities,AN-100016
"Haag-Purdy (Arles, France)",0 Maple Wood Trail,Oakland,CA,94616,United States,37.8044,-122.2698,+1-415-609-0441,29000000,8200,Alicia Thomber,8601e902-ed1e-eb11-a814-000d3a9c7ff2,Business Services,US-WEST,North America,1017,4,11,Business Services,AN-100018
"Conn, Marquardt and O'Connell",6 Westport Parkway,Detroit,MI,48232,United States,42.2399,-83.1508,+1-313-935-0242,24000000,9200,Jeff Hay,6687c12b-f11e-eb11-a814-000d3a9c7ff2,n/a,US-MIDWEST,North America,1018,0,3,n/a,AN-100019
"Abbott Group (Migrate, Kentucky)",274 Stephen Plaza,Madison,WI,53726,United States,43.0696,-89.4239,+1-608-585-5798,54000000,3700,Eric Gruber,aa1d3f9c-f41e-eb11-a814-000d3a9c7ff2,Real Estate Investment Trusts,US-MIDWEST,North America,1023,37,2,Real Estate Investment Trusts,AN-100024
"Turner Group (Montpellier, France)",628 Stoughton Court,Colorado Springs,CO,80935,United States,38.8247,-104.562,+1-719-681-1066,94000000,3900,Molly Clark,f5110173-f61e-eb11-a814-000d3a9c7ff2,Oil/Gas Transmission,US-WEST,North America,1025,28,1,Oil/Gas Transmission,AN-100026
"Flatley Inc (Billings, Montana)",0582 Menomonie Alley,Kansas City,MO,64130,United States,39.0351,-94.5467,+1-816-684-1537,62000000,9800,Eric Gruber,864de108-ed1e-eb11-a814-000d3a9c7ff2,Paper,US-MIDWEST,North America,1026,33,2,Paper,AN-100027
"Abbott Group (El Paso, Texas)",1 Darwin Junction,San Jose,CA,95155,United States,37.31,-121.9011,+1-408-356-6434,33000000,8700,Alicia Thomber,307467a5-f51e-eb11-a814-000d3a9c7ff2,Other Specialty Stores,US-WEST,North America,1027,31,11,Other Specialty Stores,AN-100028
Abbott Group  (Ohio),5791 Mifflin Hill,Chicago,IL,60681,United States,41.8119,-87.6873,+1-312-829-9985,86000000,7500,Jeff Hay,8298a17f-f11e-eb11-a814-000d3a9c7ff2,Major Pharmaceuticals,US-MIDWEST,North America,1030,22,3,Major Pharmaceuticals,AN-100031
"Abbott Group (Louisville, Kentucky)",4577 Clyde Gallagher Circle,New York City,NY,10280,United States,40.7105,-74.0163,+1-212-372-6948,36000000,6800,Julian Isla,458b119a-e21e-eb11-a814-000d3a9c7ff2,Home Furnishings,US-NORTHEAST,North America,1035,14,4,Home Furnishings,AN-100036
"Abbott Group (El Paso, Texas)",6 Talmadge Hill,Berkeley,CA,94712,United States,37.6802,-121.9215,+1-510-200-9979,72000000,7400,Alicia Thomber,4d9879c4-f11e-eb11-a814-000d3a9c7ff2,Major Banks,US-WEST,North America,1037,20,11,Major Banks,AN-100038
"Lehner LLC (Iida, Japan)",7085 Hallows Trail,Danbury,CT,6816,United States,41.3089,-73.3637,+1-203-814-8363,96000000,9600,Julian Isla,32f09a85-e31e-eb11-a814-000d3a9c7ff2,Major Pharmaceuticals,US-NORTHEAST,North America,1038,22,4,Major Pharmaceuticals,AN-100039
"Abbott Group (Metairie, Louisiana)",83 Bluejay Junction,Peoria,IL,61640,United States,40.7857,-89.6177,+1-309-934-3508,64000000,9200,Eric Gruber,f77273b9-e61e-eb11-a814-000d3a9c7ff2,n/a,US-MIDWEST,North America,1041,0,2,n/a,AN-100042
"Cummerata Inc (La Sarre, Canada)",979 Havey Place,Lansing,MI,48930,United States,42.7325,-84.5587,+1-517-907-9565,90000000,5100,Eric Gruber,702e02be-e21e-eb11-a814-000d3a9c7ff2,Computer Manufacturing,US-MIDWEST,North America,1048,6,2,Computer Manufacturing,AN-100049
Abbott Group  (West Virginia),10 Clove Road,Sacramento,CA,94273,United States,38.3774,-121.4444,+1-916-356-4581,53000000,10000,Alicia Thomber,5e163f9c-f41e-eb11-a814-000d3a9c7ff2,Automotive Aftermarket,US-WEST,North America,1054,2,11,Automotive Aftermarket,AN-100055
"Fisher, Weissnat and Mraz",6 Boyd Way,Berkeley,CA,94712,United States,37.6802,-121.9215,+1-510-311-3623,41000000,3600,Alicia Thomber,44ad4a64-f71e-eb11-a814-000d3a9c7ff2,Computer Software: Prepackaged Software,US-WEST,North America,1056,7,11,Computer Software: Prepackaged Software,AN-100057
Lowe-Block,804 Lakeland Terrace,Sacramento,CA,95828,United States,38.4826,-121.4006,+1-916-622-6912,77000000,6100,Alicia Thomber,b59c505f-ef1e-eb11-a814-000d3a9c7ff2,n/a,US-WEST,North America,1057,0,11,n/a,AN-100058
"Abbott Group (New Orleans, Louisiana)",582 Mifflin Trail,Pasadena,CA,91186,United States,33.7866,-118.2987,+1-626-867-4467,91000000,6500,Alicia Thomber,6cddbce1-ef1e-eb11-a814-000d3a9c7ff2,Major Pharmaceuticals,US-WEST,North America,1064,22,11,Major Pharmaceuticals,AN-100065
"Kutch Inc (Isehara, Japan)",24 Esker Junction,Vancouver,WA,98664,United States,45.6231,-122.5767,+1-360-255-3896,89000000,4000,Alicia Thomber,da82f2f2-f81e-eb11-a814-000d3a9c7ff2,Diversified Commercial Services,US-WEST,North America,1066,9,11,Diversified Commercial Services,AN-100067
"Haley, Auer and Luettgen",6797 Vidon Park,Canton,OH,44760,United States,40.854,-81.4278,+1-234-214-2469,39000000,5200,Jeff Hay,bc4820d6-f21e-eb11-a814-000d3a9c7ff2,Packaged Foods,US-MIDWEST,North America,1067,32,3,Packaged Foods,AN-100068
"Casper, Carroll and Goldner",0 Dakota Drive,Saint Joseph,MO,64504,United States,39.7076,-94.8677,+1-816-992-2936,92000000,8000,Eric Gruber,e66b3713-e61e-eb11-a814-000d3a9c7ff2,n/a,US-MIDWEST,North America,1069,0,2,n/a,AN-100070
"Sawayn-Stroman (Catalina, Canada)",945 Grover Park,Denver,CO,80270,United States,39.7388,-104.4083,+1-303-811-4533,39000000,4400,Molly Clark,906962d6-f11e-eb11-a814-000d3a9c7ff2,Industrial Machinery/Components,US-WEST,North America,1070,16,1,Industrial Machinery/Components,AN-100071
Abbott Inc and Sons  (Arizona),7 School Road,Aurora,CO,80045,United States,39.7467,-104.8384,+1-303-281-8881,23000000,8000,Molly Clark,7c3e9c85-f11e-eb11-a814-000d3a9c7ff2,Property-Casualty Insurers,US-WEST,North America,1071,35,1,Property-Casualty Insurers,AN-100072
"Abbott Inc and Sons (Dallas, Texas)",97671 Maple Junction,Phoenix,AZ,85072,United States,33.2765,-112.1872,+1-602-572-3616,96000000,10000,Molly Clark,73040c37-e61e-eb11-a814-000d3a9c7ff2,Major Pharmaceuticals,US-WEST,North America,1072,22,1,Major Pharmaceuticals,AN-100073
"Wolf Inc (Boston, Massachusetts)",77075 East Crossing,Columbus,OH,43226,United States,39.969,-83.0114,+1-614-701-4959,100000000,3800,Eric Gruber,d279e205-f31e-eb11-a814-000d3a9c7ff2,Major Chemicals,US-MIDWEST,North America,1074,21,2,Major Chemicals,AN-100075
"Gislason, D'Amore and Larson",54 Bartillon Center,Phoenix,AZ,85010,United States,33.2765,-112.1872,+1-602-283-7035,90000000,9600,Molly Clark,9bbfda0b-f31e-eb11-a814-000d3a9c7ff2,Food Distributors,US-WEST,North America,1076,12,1,Food Distributors,AN-100077
"Abbott Inc and Sons (Sacramento, California)",5 Grover Junction,South Bend,IN,46614,United States,41.6255,-86.2433,+1-574-978-6760,32000000,8500,Jeff Hay,e251c9c5-e51e-eb11-a814-000d3a9c7ff2,n/a,US-MIDWEST,North America,1084,0,3,n/a,AN-100085
Senger-Goodwin,18 Prentice Point,New York City,NY,10110,United States,40.754,-73.9808,+1-212-814-7986,98000000,7200,Julian Isla,ead954f0-f31e-eb11-a814-000d3a9c7ff2,Home Furnishings,US-NORTHEAST,North America,1087,14,4,Home Furnishings,AN-100088
Heathcote-Stanton,1698 Waywood Center,Phoenix,AZ,85010,United States,33.2765,-112.1872,+1-602-283-9825,74000000,9300,Molly Clark,a9df8717-f01e-eb11-a814-000d3a9c7ff2,Major Pharmaceuticals,US-WEST,North America,1088,22,1,Major Pharmaceuticals,AN-100089
"Dietrich Group (West Kelowna, Canada)",966 Buena Vista Hill,San Diego,CA,92176,United States,33.0169,-116.846,+1-619-504-1856,150000000,6900,Alicia Thomber,cad5633b-e71e-eb11-a814-000d3a9c7ff2,Biotechnology: Commercial Physical & Biological Resarch,US-WEST,North America,1089,3,11,Biotechnology: Commercial Physical & Biological Resarch,AN-100090
"Abbott Inc and Sons (Houston, Texas)",545 American Ash Trail,Albuquerque,NM,87115,United States,35.0549,-106.5461,+1-505-680-9469,31000000,8000,Molly Clark,51ca31b0-de1e-eb11-a814-000d3a9c7ff2,Major Chemicals,US-WEST,North America,1105,21,1,Major Chemicals,AN-100106
Breitenberg-Kshlerin,54508 Bunker Hill Junction,Bakersfield,CA,93386,United States,35.2944,-118.9052,+1-661-719-5102,72000000,7700,Alicia Thomber,6be1bda8-f61e-eb11-a814-000d3a9c7ff2,Major Pharmaceuticals,US-WEST,North America,1106,22,11,Major Pharmaceuticals,AN-100107
"Kuvalis Group (Edmond, Oklahoma)",2710 Golf Lane,Minneapolis,MN,55428,United States,45.0632,-93.3811,+1-612-105-7614,68000000,6500,Eric Gruber,180cb237-f11e-eb11-a814-000d3a9c7ff2,Medical/Dental Instruments,US-MIDWEST,North America,1110,25,2,Medical/Dental Instruments,AN-100111
"Ernser, Schiller and Crist",12594 Homewood Alley,Springfield,OH,45505,United States,39.9106,-83.7856,+1-937-217-9852,16000000,8000,Eric Gruber,fae5a310-f71e-eb11-a814-000d3a9c7ff2,n/a,US-MIDWEST,North America,1111,0,2,n/a,AN-100112
"Kuphal, Frami and Heathcote",3 High Crossing Point,Columbus,OH,43284,United States,39.969,-83.0114,+1-614-917-8187,47000000,7500,Jeff Hay,262a02be-e21e-eb11-a814-000d3a9c7ff2,n/a,US-MIDWEST,North America,1113,0,3,n/a,AN-100114
"Ankunding Inc (Toulouse, France)",4 Scoville Road,Wichita,KS,67236,United States,37.5422,-97.2871,+1-316-251-8927,27000000,4700,Eric Gruber,0e0a7940-f71e-eb11-a814-000d3a9c7ff2,EDP Services,US-MIDWEST,North America,1117,10,2,EDP Services,AN-100118
"Gerlach Inc (Frontignan, France)",01 Novick Plaza,Cincinnati,OH,45254,United States,39.1668,-84.5382,+1-513-100-9158,38000000,9100,Eric Gruber,954fe108-ed1e-eb11-a814-000d3a9c7ff2,Major Pharmaceuticals,US-MIDWEST,North America,1121,22,2,Major Pharmaceuticals,AN-100122
"Botsford-Klocko (Oxford, Canada)",14142 Mifflin Trail,Phoenix,AZ,85025,United States,33.4226,-111.7236,+1-623-846-8876,76000000,4600,Molly Clark,ac1207e3-f71e-eb11-a814-000d3a9c7ff2,Recreational Products/Toys,US-WEST,North America,1125,38,1,Recreational Products/Toys,AN-100126
"Abbott Inc and Sons (Denver, Colorado)",3192 Spenser Way,Springfield,IL,62705,United States,39.7495,-89.606,+1-217-952-8831,88000000,8400,Jeff Hay,5ce3e512-f81e-eb11-a814-000d3a9c7ff2,Investment Managers,US-MIDWEST,North America,1128,18,3,Investment Managers,AN-100129
"Abbott Inc and Sons (Colorado Springs, Colorado)",47860 Kings Plaza,Chicago,IL,60674,United States,41.8119,-87.6873,+1-312-940-4276,97000000,9200,Eric Gruber,a5bcccb9-e51e-eb11-a814-000d3a9c7ff2,n/a,US-MIDWEST,North America,1129,0,2,n/a,AN-100130
"Barrows, Gerhold and Toy",4 Toban Street,Bloomington,IN,47405,United States,39.1682,-86.5186,+1-812-659-3390,100000000,5800,Eric Gruber,2167fac3-e21e-eb11-a814-000d3a9c7ff2,Biotechnology: Commercial Physical & Biological Resarch,US-MIDWEST,North America,1130,3,2,Biotechnology: Commercial Physical & Biological Resarch,AN-100131
"Bogisich-Ledner (Shizunai-furukawach?, Japan)",0270 Mesta Center,Boise,ID,83732,United States,43.4599,-116.244,+1-208-821-5470,87000000,8900,Alicia Thomber,a040ec84-f61e-eb11-a814-000d3a9c7ff2,Computer Software: Prepackaged Software,US-WEST,North America,1131,7,11,Computer Software: Prepackaged Software,AN-100132
"Stamm-Hodkiewicz (Créteil, France)",34703 Darwin Court,Young America,MN,55557,United States,44.8055,-93.7665,+1-952-517-2661,44000000,5400,Jeff Hay,b15743ef-e61e-eb11-a814-000d3a9c7ff2,Precious Metals,US-MIDWEST,North America,1132,34,3,Precious Metals,AN-100133
Hammes-Fahey,01877 Bashford Lane,White Plains,NY,10633,United States,41.119,-73.733,+1-845-516-0801,85000000,4800,Julian Isla,fd5881be-f11e-eb11-a814-000d3a9c7ff2,Major Pharmaceuticals,US-NORTHEAST,North America,1135,22,4,Major Pharmaceuticals,AN-100136
"Hirthe Group (Montreuil, France)",1 Algoma Crossing,Kansas City,MO,64109,United States,39.0663,-94.5674,+1-816-667-6363,94000000,5600,Eric Gruber,995d31cf-f51e-eb11-a814-000d3a9c7ff2,Water Supply,US-MIDWEST,North America,1137,44,2,Water Supply,AN-100138
"Sipes-Beatty (Chantilly, France)",6960 Westend Avenue,Ogden,UT,84409,United States,41.2553,-111.9567,+1-801-796-6462,64000000,6500,Alicia Thomber,450fe3fe-f81e-eb11-a814-000d3a9c7ff2,Real Estate,US-WEST,North America,1140,36,11,Real Estate,AN-100141
Abbott LLC  (Hawaii),0 Hooker Crossing,Chicago,IL,60674,United States,41.8119,-87.6873,+1-312-866-0694,52000000,7600,Eric Gruber,972b02be-e21e-eb11-a814-000d3a9c7ff2,Major Pharmaceuticals,US-MIDWEST,North America,1141,22,2,Major Pharmaceuticals,AN-100142
"Zboncak, Wintheiser and Grimes",1227 Evergreen Drive,Detroit,MI,48258,United States,42.2399,-83.1508,+1-734-168-5584,29000000,6400,Jeff Hay,05306f9f-f51e-eb11-a814-000d3a9c7ff2,Air Freight/Delivery Services,US-MIDWEST,North America,1145,1,3,Air Freight/Delivery Services,AN-100146
"Batz, Muller and Frami",31044 Sloan Terrace,Topeka,KS,66611,United States,39.0142,-95.6982,+1-785-732-0462,48000000,4500,Eric Gruber,0b3bfc7c-f81e-eb11-a814-000d3a9c7ff2,Oil & Gas Production,US-MIDWEST,North America,1148,27,2,Oil & Gas Production,AN-100149
"Block, Kovacek and Fadel",041 Laurel Way,North Las Vegas,NV,89087,United States,36.2204,-115.1458,+1-702-113-8044,30000000,6300,Alicia Thomber,6ca77e93-f51e-eb11-a814-000d3a9c7ff2,Real Estate,US-WEST,North America,1158,36,11,Real Estate,AN-100159
"Erdman, Hammes and Gutkowski",234 Graceland Lane,Los Angeles,CA,90081,United States,33.7866,-118.2987,+1-213-256-7665,49000000,9000,Alicia Thomber,604262d7-e61e-eb11-a814-000d3a9c7ff2,Savings Institutions,US-WEST,North America,1161,40,11,Savings Institutions,AN-100162
"Macejkovic, Hermann and Doyle",17893 4th Lane,Saint Paul,MN,55114,United States,44.968,-93.1981,+1-651-563-6613,57000000,8500,Eric Gruber,8247e108-ed1e-eb11-a814-000d3a9c7ff2,Transportation Services,US-MIDWEST,North America,1162,43,2,Transportation Services,AN-100163
Wehner-Oberbrunner,68766 Tomscot Junction,Salem,OR,97306,United States,44.8685,-123.0438,+1-503-521-0671,89000000,9700,Alicia Thomber,89aaba26-ed1e-eb11-a814-000d3a9c7ff2,Food Distributors,US-WEST,North America,1165,12,11,Food Distributors,AN-100166
Klein-Bogisich,8 Sunnyside Terrace,Saint Louis,MO,63143,United States,38.6111,-90.3225,+1-314-483-2916,54000000,3700,Jeff Hay,98c1dc90-f61e-eb11-a814-000d3a9c7ff2,n/a,US-MIDWEST,North America,1173,0,3,n/a,AN-100174
Abbott LLC  (District of Columbia),84192 Memorial Center,Oxnard,CA,93034,United States,34.0324,-119.1343,+1-805-206-7233,36000000,9300,Alicia Thomber,a83a1994-e21e-eb11-a814-000d3a9c7ff2,Telecommunications Equipment,US-WEST,North America,1193,42,11,Telecommunications Equipment,AN-100194
"Vandervort Group (Toulouse, France)",80 Kensington Street,Rochester,NY,14614,United States,43.1558,-77.6142,+1-585-504-4775,90000000,5100,Julian Isla,1e02145b-f61e-eb11-a814-000d3a9c7ff2,Forest Products,US-NORTHEAST,North America,1198,13,4,Forest Products,AN-100199
"Cremin Inc (Aix-en-Provence, France)",5535 Golf Course Court,Philadelphia,PA,19120,United States,40.0343,-75.1213,+1-267-861-8125,28000000,9600,Julian Isla,79618ab7-e41e-eb11-a814-000d3a9c7ff2,Specialty Foods,US-NORTHEAST,North America,1200,41,4,Specialty Foods,AN-100201
"Abbott, Abshire and Eichmann",94 Golf Course Way,Springfield,IL,62705,United States,39.7495,-89.606,+1-217-382-4171,44000000,3500,Eric Gruber,59900ea0-e21e-eb11-a814-000d3a9c7ff2,Oil/Gas Transmission,US-MIDWEST,North America,1203,28,2,Oil/Gas Transmission,AN-100204
"Abbott, Ankunding and Kreiger",37690 Shasta Crossing,Dayton,OH,45432,United States,39.739,-84.0856,+1-937-190-3349,53000000,10000,Eric Gruber,390cf5be-f71e-eb11-a814-000d3a9c7ff2,"Computer Software: Programming, Data Processing",US-MIDWEST,North America,1204,8,2,"Computer Software: Programming, Data Processing",AN-100205
"Abbott, Bartell and Sanford",12749 Veith Crossing,Sacramento,CA,94230,United States,38.3774,-121.4444,+1-916-427-6310,41000000,3600,Alicia Thomber,fa2a00f1-ec1e-eb11-a814-000d3a9c7ff2,Business Services,US-WEST,North America,1206,4,11,Business Services,AN-100207
"Abbott, Beatty and Haley",23672 Summerview Pass,Fresno,CA,93740,United States,36.7464,-119.6397,+1-559-601-4115,46000000,7900,Alicia Thomber,0ce46a1d-de1e-eb11-a814-000d3a9c7ff2,Home Furnishings,US-WEST,North America,1208,14,11,Home Furnishings,AN-100209
"Abbott, Berge and Mueller",414 Cascade Place,Des Moines,IA,50981,United States,41.6727,-93.5722,+1-515-429-0925,66000000,8900,Jeff Hay,8bde09b8-e21e-eb11-a814-000d3a9c7ff2,Real Estate,US-MIDWEST,North America,1212,36,3,Real Estate,AN-100213
"Abbott, Berge and Toy",53 Lunder Plaza,Santa Fe,NM,87592,United States,35.5212,-105.9818,+1-505-651-9267,6000000,8000,Molly Clark,af73d8fe-f41e-eb11-a814-000d3a9c7ff2,Savings Institutions,US-WEST,North America,1213,40,1,Savings Institutions,AN-100214
"Abbott, Bins and Murazik",6 Morningstar Way,New York City,NY,10203,United States,40.7808,-73.9772,+1-212-465-3965,89000000,4000,Julian Isla,4dbd0f18-f21e-eb11-a814-000d3a9c7ff2,Precious Metals,US-NORTHEAST,North America,1216,34,4,Precious Metals,AN-100217
"Abbott, Brakus and Quitzon",2444 Old Shore Lane,Trenton,NJ,8608,United States,40.2204,-74.7622,+1-609-278-1870,23000000,8000,Julian Isla,9ed4a948-f81e-eb11-a814-000d3a9c7ff2,Real Estate Investment Trusts,US-NORTHEAST,North America,1221,37,4,Real Estate Investment Trusts,AN-100222
"Abbott, Brekke and Blanda",3 Melody Terrace,Denver,CO,80235,United States,39.6472,-105.0795,+1-303-687-2959,100000000,3800,Molly Clark,974b50b7-f51e-eb11-a814-000d3a9c7ff2,Investment Managers,US-WEST,North America,1224,18,1,Investment Managers,AN-100225
"Abbott, Cummerata and Cartwright",2 Westend Lane,Philadelphia,PA,19093,United States,40.0018,-75.1179,+1-215-854-6972,17000000,5300,Julian Isla,dd79d4b3-e51e-eb11-a814-000d3a9c7ff2,Precious Metals,US-NORTHEAST,North America,1229,34,4,Precious Metals,AN-100230
"Abbott, Daniel and Koch",554 Forest Run Park,Colorado Springs,CO,80915,United States,38.8558,-104.7134,+1-719-214-8983,46000000,4000,Molly Clark,ca0b6ad1-e61e-eb11-a814-000d3a9c7ff2,Packaged Foods,US-WEST,North America,1233,32,1,Packaged Foods,AN-100234
"Abbott, Denesik and West",1 Columbus Court,Evansville,IN,47725,United States,38.1071,-87.5256,+1-812-274-4321,32000000,8500,Eric Gruber,8f4fcd9c-f61e-eb11-a814-000d3a9c7ff2,"Computer Software: Programming, Data Processing",US-MIDWEST,North America,1234,8,2,"Computer Software: Programming, Data Processing",AN-100235
"Abbott, Effertz and Huel",42 Mallory Road,Philadelphia,PA,19125,United States,39.9788,-75.1262,+1-215-164-3275,56000000,3300,Julian Isla,f37ff8f6-ec1e-eb11-a814-000d3a9c7ff2,Transportation Services,US-NORTHEAST,North America,1242,43,4,Transportation Services,AN-100243
"Abbott, Frami and Bednar",0 Lindbergh Parkway,Springfield,MA,1114,United States,42.1707,-72.6048,+1-413-565-5917,15000000,4000,Julian Isla,93cf0ef0-f01e-eb11-a814-000d3a9c7ff2,Diversified Commercial Services,US-NORTHEAST,North America,1247,9,4,Diversified Commercial Services,AN-100248
"Abbott, Gorczany and D'Amore",3977 Farragut Way,Omaha,NE,68124,United States,41.2338,-96.0495,+1-402-295-5624,75000000,5500,Eric Gruber,91cc4ed7-f61e-eb11-a814-000d3a9c7ff2,Automotive Aftermarket,US-MIDWEST,North America,1253,2,2,Automotive Aftermarket,AN-100254
"Abbott, Goyette and Gerlach",77710 Morrow Way,Columbus,OH,43220,United States,40.0495,-83.0669,+1-614-727-4654,72000000,7700,Jeff Hay,d38216ea-f01e-eb11-a814-000d3a9c7ff2,Oilfield Services/Equipment,US-MIDWEST,North America,1256,29,3,Oilfield Services/Equipment,AN-100257
"Abbott, Greenholt and Turner",0908 Dahle Center,Santa Barbara,CA,93111,United States,34.4453,-119.8025,+1-702-697-7222,47000000,7500,Alicia Thomber,bcafcb2a-f81e-eb11-a814-000d3a9c7ff2,Property-Casualty Insurers,US-WEST,North America,1263,35,11,Property-Casualty Insurers,AN-100264
"Abbott, Grimes and Schowalter",3 Farmco Terrace,Carol Stream,IL,60158,United States,41.9166,-88.1208,+1-309-201-3079,19000000,6100,Eric Gruber,d824ed4e-e61e-eb11-a814-000d3a9c7ff2,Life Insurance,US-MIDWEST,North America,1264,19,2,Life Insurance,AN-100265
"Abbott, Gulgowski and Bogan",917 6th Street,Aurora,IL,60505,United States,41.7582,-88.2971,+1-630-634-8655,18000000,4200,Eric Gruber,feb082bd-e41e-eb11-a814-000d3a9c7ff2,Integrated oil Companies,US-MIDWEST,North America,1265,17,2,Integrated oil Companies,AN-100266
"Abbott, Hahn and Schumm",27172 Bobwhite Avenue,Springfield,OH,45505,United States,39.9106,-83.7856,+1-937-240-4926,24000000,3600,Jeff Hay,15fec036-f81e-eb11-a814-000d3a9c7ff2,Major Chemicals,US-MIDWEST,North America,1268,21,3,Major Chemicals,AN-100269
"Abbott, Hahn and Steuber",5 Hoard Place,Saint Louis,MO,63167,United States,38.6383,-90.4271,+1-314-308-2276,38000000,7100,Eric Gruber,e1c8eaf8-f81e-eb11-a814-000d3a9c7ff2,Medical/Dental Instruments,US-MIDWEST,North America,1269,25,2,Medical/Dental Instruments,AN-100270
"Abbott, Hammes and Kohler",94 Mallard Circle,Fort Wayne,IN,46814,United States,41.0456,-85.3058,+1-260-756-4305,62000000,9100,Eric Gruber,2c16b5e7-ef1e-eb11-a814-000d3a9c7ff2,Air Freight/Delivery Services,US-MIDWEST,North America,1273,1,2,Air Freight/Delivery Services,AN-100274
"Abbott, Hartmann and Rempel",55888 Waywood Avenue,New York City,NY,10079,United States,40.7808,-73.9772,+1-212-721-7477,180000000,9700,Julian Isla,31a24a64-f71e-eb11-a814-000d3a9c7ff2,Oilfield Services/Equipment,US-NORTHEAST,North America,1276,29,4,Oilfield Services/Equipment,AN-100277
"Abbott, Hegmann and Greenholt",60057 Carberry Terrace,Norwalk,CT,6854,United States,41.0957,-73.4285,+1-203-811-3348,88000000,8400,Julian Isla,a3788b23-f01e-eb11-a814-000d3a9c7ff2,Electric Utilities: Central,US-NORTHEAST,North America,1278,11,4,Electric Utilities: Central,AN-100279
"Abbott, Heller and Kulas",33 Orin Court,Pocatello,ID,83206,United States,42.6395,-112.3138,+1-208-228-8085,100000000,5800,Alicia Thomber,7de28d2e-f71e-eb11-a814-000d3a9c7ff2,Air Freight/Delivery Services,US-WEST,North America,1280,1,11,Air Freight/Delivery Services,AN-100281
"Abbott, Hermiston and Reynolds",92223 Beilfuss Point,Denver,CO,80299,United States,39.7388,-104.4083,+1-303-257-4647,19000000,7800,Molly Clark,27bd3bf4-f11e-eb11-a814-000d3a9c7ff2,Business Services,US-WEST,North America,1283,4,1,Business Services,AN-100284
"Abbott, Hodkiewicz and Smith",29184 Mariners Cove Park,Pittsburgh,PA,15230,United States,40.4344,-80.0248,+1-412-825-9664,122000000,9100,Julian Isla,c5a5d916-f91e-eb11-a814-000d3a9c7ff2,Clothing/Shoe/Accessory Stores,US-NORTHEAST,North America,1288,5,4,Clothing/Shoe/Accessory Stores,AN-100289
"Abbott, Jacobs and Emmerich",9766 Glendale Parkway,Seattle,WA,98185,United States,47.4323,-121.8034,+1-206-996-0880,158000000,8100,Alicia Thomber,fb1ca2b4-f31e-eb11-a814-000d3a9c7ff2,Real Estate,US-WEST,North America,1294,36,11,Real Estate,AN-100295
"Abbott, Jakubowski and Hermann",10 Clyde Gallagher Plaza,Cedar Rapids,IA,52410,United States,42.0794,-91.5992,+1-319-925-7369,29000000,6400,Jeff Hay,85821067-f61e-eb11-a814-000d3a9c7ff2,Forest Products,US-MIDWEST,North America,1295,13,3,Forest Products,AN-100296
"Abbott, Johnson and Boyer",131 American Ash Drive,Whittier,CA,90610,United States,33.7866,-118.2987,+1-562-841-9323,48000000,4500,Alicia Thomber,13c3da0b-f31e-eb11-a814-000d3a9c7ff2,Home Furnishings,US-WEST,North America,1298,14,11,Home Furnishings,AN-100299
Abbott Group  (Idaho),094 Milwaukee Center,Palpalá,,4612,Argentina,-31.4561755,-64.2111608,+54-561-541-4597,88000000,1700,Greg Winston,a4575859-ef1e-eb11-a814-000d3a9c7ff2,n/a,Argentina,LATAM,1010,0,13,n/a,AN-100011
"Smith-Nicolas (Iwase, Japan)",99 Cardinal Place,Marcos Juárez,,2580,Argentina,-34.9044677,-58.5743103,+54-215-347-5053,178000000,7300,Greg Winston,4307c90a-f51e-eb11-a814-000d3a9c7ff2,"Computer Software: Programming, Data Processing",Argentina,LATAM,1012,8,13,"Computer Software: Programming, Data Processing",AN-100013
Abbott Group  (Minnesota),65093 Debra Point,Chamical,,4608,Argentina,-31.4411018,-64.1257463,+54-139-885-9693,25000000,9300,Greg Winston,fcc9d114-ed1e-eb11-a814-000d3a9c7ff2,Major Pharmaceuticals,Argentina,LATAM,1014,22,13,Major Pharmaceuticals,AN-100015
"Wilkinson and Sons (Kiuruvesi, Finland)",06 Mifflin Junction,San Jorge,,5117,Argentina,-34.6098701,-58.5668231,+54-865-792-9859,96000000,2900,Greg Winston,ec7e43ee-f11e-eb11-a814-000d3a9c7ff2,Business Services,Argentina,LATAM,1016,4,13,Business Services,AN-100017
"Terry Inc (Romorantin-Lanthenay, France)",0 Stang Point,Ceres,,2340,Argentina,-32.9578112,-60.6682209,+54-978-848-6928,51000000,3000,Greg Winston,42ded114-ed1e-eb11-a814-000d3a9c7ff2,Restaurants,Argentina,LATAM,1019,39,13,Restaurants,AN-100020
Abbott Group  (Arizona),5 Dottie Hill,Daireaux,,6555,Argentina,-37.9595992,-57.5629395,+54-113-687-0156,45000000,2400,Greg Winston,fa475c85-e41e-eb11-a814-000d3a9c7ff2,Major Banks,Argentina,LATAM,1020,20,13,Major Banks,AN-100021
"Toy, Friesen and Rath",78235 Northridge Park,Bernardo Larroudé,,6220,Argentina,-35.0234334,-63.5803937,+54-929-736-5925,51000000,3000,Greg Winston,2658970b-f01e-eb11-a814-000d3a9c7ff2,Packaged Foods,Argentina,LATAM,1021,32,13,Packaged Foods,AN-100022
"Kutch Group (Lloydminster, Canada)",9818 Corscot Alley,Bastos,,17690-000,Brazil,-21.9221397,-50.7317774,+55-293-869-6574,41000000,2000,Greg Winston,e4665964-f31e-eb11-a814-000d3a9c7ff2,Major Pharmaceuticals,Brazil,LATAM,1022,22,13,Major Pharmaceuticals,AN-100023
"Kohler, Buckridge and McKenzie",34875 Eagan Junction,Butiá,,96750-000,Brazil,-30.1180899,-51.9615457,+55-517-525-8108,20000000,5100,Greg Winston,2c6faa75-df1e-eb11-a814-000d3a9c7ff2,Computer Software: Prepackaged Software,Brazil,LATAM,1028,7,13,Computer Software: Prepackaged Software,AN-100029
"Parker, Johns and Harvey",1488 Village Crossing,Vargem Grande do Sul,,13880-000,Brazil,-21.8324773,-46.8925845,+55-694-288-7201,75000000,1600,Greg Winston,747ac1cb-e51e-eb11-a814-000d3a9c7ff2,n/a,Brazil,LATAM,1033,0,13,n/a,AN-100034
"Weimann, Batz and Gislason",27049 Sommers Circle,Maringá,,87000-000,Brazil,-23.4209995,-51.9330558,+55-384-650-9111,39000000,2600,Greg Winston,bb8295f8-f61e-eb11-a814-000d3a9c7ff2,Major Banks,Brazil,LATAM,1034,20,13,Major Banks,AN-100035
"Keebler LLC (Midland, Texas)",6 Manley Road,Jacupiranga,,11940-000,Brazil,-24.7023134,-48.0076188,+55-513-574-3207,39000000,2600,Greg Winston,b491a1a5-e41e-eb11-a814-000d3a9c7ff2,Marine Transportation,Brazil,LATAM,1036,23,13,Marine Transportation,AN-100037
Hodkiewicz-Runte,0955 Hollow Ridge Place,Vihti,,3400,Finland,60.4165735,24.3256379,+358-537-556-2271,38000000,5700,Anne Weiler,4546c9c5-e51e-eb11-a814-000d3a9c7ff2,n/a,Finland,EMEA,1039,0,12,n/a,AN-100040
"Beahan LLC (Tanabe, Japan)",67 Southridge Alley,Levallois-Perret,A8,92592 CEDEX,France,49.2272998,2.8814002,+33-821-465-6642,173000000,6300,Anne Weiler,2ea98c22-f71e-eb11-a814-000d3a9c7ff2,Real Estate Investment Trusts,France,EMEA,1040,37,12,Real Estate Investment Trusts,AN-100041
Farrell-O'Conner,8903 Dexter Pass,Viradouro,,14740-000,Brazil,-20.8740173,-48.299098,+55-370-229-7255,99000000,2300,Greg Winston,2dc0c830-f81e-eb11-a814-000d3a9c7ff2,Life Insurance,Brazil,LATAM,1042,19,13,Life Insurance,AN-100043
"Hodkiewicz, Blanda and Bechtelar",54 Farwell Street,Rengo,,,Chile,-34.4023791,-70.8674411,+56-272-785-2755,89000000,1800,Greg Winston,bd120173-f61e-eb11-a814-000d3a9c7ff2,n/a,Chile,LATAM,1044,0,13,n/a,AN-100045
"Wunsch LLC (Drammen, Norway)",6886 Elmside Plaza,Pessac,97,33604 CEDEX,France,44.8055893,-0.630617,494-308-5824,127000000,8300,Anne Weiler,a8a13971-ef1e-eb11-a814-000d3a9c7ff2,Restaurants,France,EMEA,1046,39,12,Restaurants,AN-100047
"Brakus-Greenfelder (Montgomery, Alabama)",76289 Morning Crossing,Dijon,A1,21019 CEDEX,France,45.2977605,2.5135985,435-893-3172,94000000,9300,Anne Weiler,f9821067-f61e-eb11-a814-000d3a9c7ff2,Restaurants,France,EMEA,1050,39,12,Restaurants,AN-100051
"Jacobi, Powlowski and Rogahn",3910 Dapin Street,Saint-Lambert-de-Lauzon,QC,V6L,Canada,46.58624,-71.20892,+1-547-353-0676,107000000,6200,Alan Steiner,3eab4a64-f71e-eb11-a814-000d3a9c7ff2,Major Banks,Canada,North America,1052,20,10,Major Banks,AN-100053
Abbott Group  (South Africa),94099 Main Plaza,Aubervilliers,A8,93321 CEDEX,France,48.9124688,2.3977418,322-117-3862,173000000,1500,Anne Weiler,d43099f9-dd1e-eb11-a814-000d3a9c7ff2,Forest Products,France,EMEA,1055,13,12,Forest Products,AN-100056
"Bayer-Keeling (Oslo, Norway)",09 Parkside Street,Saint-André-Avellin,QC,T5Y,Canada,45.7168,-75.06599,+1-338-521-4156,46000000,7900,Alan Steiner,fd7279c5-e61e-eb11-a814-000d3a9c7ff2,Air Freight/Delivery Services,Canada,North America,1058,1,10,Air Freight/Delivery Services,AN-100059
Ortiz-Kerluke,6 Division Drive,Paris La Défense,A8,92901 CEDEX,France,48.892701,2.233089,496-921-9615,42000000,9200,Anne Weiler,c55faa79-e31e-eb11-a814-000d3a9c7ff2,Restaurants,France,EMEA,1059,39,12,Restaurants,AN-100060
Bogisich-Treutel,438 Jay Trail,Coronel,,,Chile,-37.0340769,-73.1404838,+56-829-631-1228,158000000,7900,Greg Winston,8d97f701-f11e-eb11-a814-000d3a9c7ff2,n/a,Chile,LATAM,1061,0,13,n/a,AN-100062
Abbott Group  (Vietnam),5 Old Gate Park,Chengguan,,,China,29.654838,91.140552,+86-487-824-1480,6000000,8000,Renee Lo,2a92230d-dd1e-eb11-a814-000d3a9c7ff2,Major Pharmaceuticals,China,APAC,1063,22,6,Major Pharmaceuticals,AN-100064
"Rolfson, Quitzon and King",050 Aberg Junction,Montpellier,A9,34964 CEDEX 2,France,47.3752386,-0.8453268,562-526-3012,100000000,9800,Anne Weiler,a8c43bf4-f11e-eb11-a814-000d3a9c7ff2,Oilfield Services/Equipment,France,EMEA,1065,29,12,Oilfield Services/Equipment,AN-100066
"Abbott Inc and Sons (Houston, Texas)",6586 Tennessee Court,Hacienda La Calera,,,Chile,-32.78333,-71.21667,+56-700-801-4698,60000000,3000,Greg Winston,c8896d78-f41e-eb11-a814-000d3a9c7ff2,Life Insurance,Chile,LATAM,1068,19,13,Life Insurance,AN-100069
"Aufderhar-Fisher (Barrhead, Canada)",28080 Hoard Alley,Villarrica,,,Chile,-39.2820124,-72.2307798,+56-153-277-8466,36000000,2200,Greg Winston,9b69aa79-e31e-eb11-a814-000d3a9c7ff2,Telecommunications Equipment,Chile,LATAM,1073,42,13,Telecommunications Equipment,AN-100074
"Abbott Inc and Sons (Bradenton, Florida)",69 Manley Pass,Quillota,,,Chile,-32.8803027,-71.2497156,+56-962-268-8590,26000000,1500,Greg Winston,a0ebaa38-f41e-eb11-a814-000d3a9c7ff2,Industrial Machinery/Components,Chile,LATAM,1078,16,13,Industrial Machinery/Components,AN-100079
"Hintz Group (Huntington, West Virginia)",86200 Mockingbird Terrace,Guachucal,,524588,Colombia,1.003696,-77.7565925,+57-492-830-6116,57000000,8500,Sanjay Shah,f675f9d1-f41e-eb11-a814-000d3a9c7ff2,Home Furnishings,Colombia,LATAM,1080,14,8,Home Furnishings,AN-100081
"Lesch-Abshire (Des Moines, Iowa)",6 Jenifer Avenue,Lower Hutt,,5042,New Zealand,-41.2219337,174.8714559,+64-120-272-8705,26000000,1500,Renee Lo,9da9f2c9-e21e-eb11-a814-000d3a9c7ff2,n/a,New Zealand,APAC,1081,0,6,n/a,AN-100082
"Keeling and Sons (Paris 10, France)",486 Corry Crossing,Cornwall,PE,L4E,Canada,46.22652,-63.21809,+1-196-202-3327,46000000,4000,Alan Steiner,d55f37a2-f41e-eb11-a814-000d3a9c7ff2,Medical/Dental Instruments,Canada,North America,1083,25,10,Medical/Dental Instruments,AN-100084
Hahn-Graham,7 Melby Pass,Sainte-Thérèse,QC,J7G,Canada,45.6181396,-73.8394482,+1-295-296-0632,106000000,9200,Alan Steiner,a59d94f0-eb1e-eb11-a814-000d3a9c7ff2,Oil & Gas Production,Canada,North America,1085,27,10,Oil & Gas Production,AN-100086
"Abbott Inc and Sons (Orlando, Florida)",98 Mendota Pass,Carquefou,B5,44474 CEDEX,France,47.2990712,-1.5086685,366-950-8571,88000000,1700,Anne Weiler,a7fa071e-f21e-eb11-a814-000d3a9c7ff2,Recreational Products/Toys,France,EMEA,1090,38,12,Recreational Products/Toys,AN-100091
Kuvalis-O'Hara,581 Comanche Court,Whitehorse,YT,Y1A,Canada,60.7610412,-135.1742264,+1-508-501-7521,74000000,6300,Alan Steiner,f2ada27f-e31e-eb11-a814-000d3a9c7ff2,Oilfield Services/Equipment,Canada,North America,1095,29,10,Oilfield Services/Equipment,AN-100096
"Grant Group (Palaiseau, France)",202 Ruskin Plaza,Hejiaping,,,China,30.60215,110.836537,+86-734-863-4699,7000000,7500,Renee Lo,c2a411b2-e21e-eb11-a814-000d3a9c7ff2,Major Pharmaceuticals,China,APAC,1096,22,6,Major Pharmaceuticals,AN-100097
"Ziemann, Stark and Abbott",3 Meadow Valley Street,Val-d'Or,QC,J9P,Canada,48.1041936,-77.7963772,+1-447-873-5287,144000000,3400,Alan Steiner,fffa7b9d-e31e-eb11-a814-000d3a9c7ff2,n/a,Canada,North America,1099,0,10,n/a,AN-100100
Abbott Inc and Sons  (Papua New Guinea),28709 Talmadge Park,Phu Kradueng,,42180,Thailand,16.9023422,101.7523854,+66-260-517-9200,10000000,3200,Renee Lo,357c91ff-dd1e-eb11-a814-000d3a9c7ff2,Investment Managers,Thailand,APAC,1102,18,6,Investment Managers,AN-100103
"Robel, Hoeger and Walker",67677 Eastwood Parkway,Piedras,,730507,Colombia,4.54304,-74.878165,+57-613-461-4057,75000000,7900,Sanjay Shah,3af2271f-e61e-eb11-a814-000d3a9c7ff2,n/a,Colombia,LATAM,1104,0,8,n/a,AN-100105
"Powlowski and Sons (Detroit, Michigan)",0 Shoshone Trail,Cholet,B5,49321 CEDEX,France,47.0615944,-0.8816138,716-928-3614,24000000,9200,Anne Weiler,b0e7a310-f71e-eb11-a814-000d3a9c7ff2,Packaged Foods,France,EMEA,1107,32,12,Packaged Foods,AN-100108
"Boehm LLC (Pittsburgh, Pennsylvania)",2 Manufacturers Road,Pereira,,660017,Colombia,4.8087174,-75.690601,+57-336-239-9377,23000000,2800,Sanjay Shah,df4c1994-e21e-eb11-a814-000d3a9c7ff2,Forest Products,Colombia,LATAM,1108,13,8,Forest Products,AN-100109
Goyette-Graham,10500 Leroy Parkway,Ibagué,,730019,Colombia,4.5120691,-75.2245693,+57-438-794-2158,133000000,2600,Sanjay Shah,29690dac-e21e-eb11-a814-000d3a9c7ff2,Major Banks,Colombia,LATAM,1109,20,8,Major Banks,AN-100110
"Grimes Inc (Dundrum, Ireland)",883 Autumn Leaf Street,Orito,,862008,Colombia,0.66643,-76.87192,+57-949-106-6207,89000000,1800,Sanjay Shah,36138b75-f51e-eb11-a814-000d3a9c7ff2,Integrated oil Companies,Colombia,LATAM,1116,17,8,Integrated oil Companies,AN-100117
Reichel-Powlowski,9 Orin Hill,Clichy,A8,92119 CEDEX,France,48.9089753,2.3011787,550-311-5659,178000000,7300,Anne Weiler,6b2c15a6-e21e-eb11-a814-000d3a9c7ff2,Precious Metals,France,EMEA,1122,34,12,Precious Metals,AN-100123
Abbott Inc and Sons  (Virginia),2571 Glendale Point,Bordeaux,97,33801 CEDEX,France,45.697904,0.964671,487-999-4670,50000000,2700,Anne Weiler,bdfae802-ed1e-eb11-a814-000d3a9c7ff2,Home Furnishings,France,EMEA,1124,14,12,Home Furnishings,AN-100125
"Ferry-Gusikowski (Nice, France)",390 Trailsway Place,Eaubonne,A8,95604 CEDEX,France,48.9897895,2.2868727,402-435-9083,25000000,9300,Anne Weiler,c3f19ce4-eb1e-eb11-a814-000d3a9c7ff2,Medical/Nursing Services,France,EMEA,1126,26,12,Medical/Nursing Services,AN-100127
"Predovic Inc (Gary, Indiana)",87 Londonderry Center,Takarazuka,,666-0137,Japan,34.5521789,136.5175749,+81-128-429-7163,86000000,3200,Renee Lo,b78e7217-de1e-eb11-a814-000d3a9c7ff2,Property-Casualty Insurers,Japan,APAC,1136,35,6,Property-Casualty Insurers,AN-100137
"Lemke-Ruecker (Des Moines, Iowa)",83 Mifflin Junction,Sedan,A4,08209 CEDEX,France,49.7052493,4.9404055,192-495-7267,53000000,3700,Anne Weiler,4fc18329-f01e-eb11-a814-000d3a9c7ff2,Industrial Machinery/Components,France,EMEA,1138,16,12,Industrial Machinery/Components,AN-100139
"Erdman LLC (Rathnew, Ireland)",3850 Daystar Park,Thiers,98,63304 CEDEX,France,45.85029,3.53936,107-858-0555,62000000,9800,Anne Weiler,e4dbbda8-f61e-eb11-a814-000d3a9c7ff2,Restaurants,France,EMEA,1142,39,12,Restaurants,AN-100143
"Lockman and Sons (Houston, Texas)",78500 Clemons Way,El Zulia,,545518,Colombia,7.9980992,-72.63877,+57-860-300-6338,75000000,1600,Sanjay Shah,dc9d617f-e41e-eb11-a814-000d3a9c7ff2,Telecommunications Equipment,Colombia,LATAM,1143,42,8,Telecommunications Equipment,AN-100144
Gerhold-Gleason,12912 Huxley Junction,Kawasaki,,999-3145,Japan,38.1536393,140.266785,+81-693-170-2608,158000000,8100,Renee Lo,36daa71c-f31e-eb11-a814-000d3a9c7ff2,n/a,Japan,APAC,1144,0,6,n/a,AN-100145
"Roob, Schneider and Spencer",0 Florence Court,Socorro,,683558,Colombia,6.4360112,-73.28833,+57-696-989-9529,59000000,2100,Sanjay Shah,2e735964-f31e-eb11-a814-000d3a9c7ff2,EDP Services,Colombia,LATAM,1146,10,8,EDP Services,AN-100147
"McGlynn, King and Gerlach",1 Spaight Lane,San Carlos,,232517,Colombia,8.797145,-75.698571,+57-607-849-3986,23000000,2800,Sanjay Shah,dbd152e3-e61e-eb11-a814-000d3a9c7ff2,"Computer Software: Programming, Data Processing",Colombia,LATAM,1149,8,8,"Computer Software: Programming, Data Processing",AN-100150
"Bednar, Kulas and Denesik",457 Rieder Place,Pantin,A8,93504 CEDEX,France,45.7608815,4.26286,372-593-5450,33000000,8700,Anne Weiler,b316d124-f81e-eb11-a814-000d3a9c7ff2,Integrated oil Companies,France,EMEA,1150,17,12,Integrated oil Companies,AN-100151
"Padberg, Wunsch and Greenholt",110 Hoard Drive,Altkirch,C1,68134 CEDEX,France,47.620391,7.243036,820-791-1594,189000000,6100,Anne Weiler,d8c6dc90-f61e-eb11-a814-000d3a9c7ff2,n/a,France,EMEA,1151,0,12,n/a,AN-100152
Abbott LLC  (Tennessee),4 Toban Park,Roissy Charles-de-Gaulle,A8,95974 CEDEX 2,France,48.989038,2.513543,214-762-8289,86000000,7500,Anne Weiler,ce2e14ef-f71e-eb11-a814-000d3a9c7ff2,Major Chemicals,France,EMEA,1152,21,12,Major Chemicals,AN-100153
"Bernhard and Sons (New York City, New York)",1 Scott Trail,Creil,B6,60315 CEDEX 5,France,49.243003,2.510652,663-959-7915,39000000,2100,Anne Weiler,c8f2e3a7-e51e-eb11-a814-000d3a9c7ff2,Recreational Products/Toys,France,EMEA,1155,38,12,Recreational Products/Toys,AN-100156
"Weimann, Streich and Harber",150 Hansons Court,Angers,B5,49033 CEDEX 01,France,48.8693156,2.3501981,496-475-7754,20000000,5100,Anne Weiler,6fb1ba26-ed1e-eb11-a814-000d3a9c7ff2,n/a,France,EMEA,1156,0,12,n/a,AN-100157
"Harris, Goldner and Hills",5470 Hanson Street,Belfort,A6,90009 CEDEX,France,47.484145,6.923811,426-958-5967,72000000,7400,Anne Weiler,2eecaa38-f41e-eb11-a814-000d3a9c7ff2,Recreational Products/Toys,France,EMEA,1157,38,12,Recreational Products/Toys,AN-100158
Abbott LLC  (Georgia),711 North Pass,Laval,B5,53080 CEDEX 9,France,48.0762327,-0.7609009,426-773-8761,96000000,9600,Anne Weiler,8a5a5859-ef1e-eb11-a814-000d3a9c7ff2,Telecommunications Equipment,France,EMEA,1159,42,12,Telecommunications Equipment,AN-100160
"Bogan-O'Kon (Funabashi, Japan)",9 Lotheville Hill,Nandayure,,50904,Costa Rica,10.0307694,-85.2294397,+506-125-309-2880,50000000,2700,Sanjay Shah,62831067-f61e-eb11-a814-000d3a9c7ff2,Oilfield Services/Equipment,Costa Rica,LATAM,1160,29,8,Oilfield Services/Equipment,AN-100161
"Abbott LLC (Harrisburg, Pennsylvania)",112 Clove Street,Lyon,B9,69303 CEDEX 07,France,45.7397125,4.8372255,206-543-9813,57000000,7900,Anne Weiler,2d0abd2e-f91e-eb11-a814-000d3a9c7ff2,Air Freight/Delivery Services,France,EMEA,1163,1,12,Air Freight/Delivery Services,AN-100164
"Abbott LLC (Pittsburgh, Pennsylvania)",8285 1st Street,Istres,B8,13807 CEDEX,France,43.4988397,4.9789041,985-197-3372,38000000,5700,Anne Weiler,1bb3f0ec-f81e-eb11-a814-000d3a9c7ff2,Food Distributors,France,EMEA,1166,12,12,Food Distributors,AN-100167
"Abbott LLC (Lancaster, Pennsylvania)",88261 Melvin Trail,Köln,NW,50733,Germany,50.9648271,6.9538234,+49-521-237-9080,57000000,7900,Anne Weiler,b34fbe70-e11e-eb11-a814-000d3a9c7ff2,Computer Software: Prepackaged Software,Germany,EMEA,1167,7,12,Computer Software: Prepackaged Software,AN-100168
"Lebsack LLC (Saint-Fargeau-Ponthierry, France)",7801 Chinook Plaza,Berlin,BE,12559,Germany,52.416925,13.6492904,488-632-9142,87000000,3800,Anne Weiler,077e43ee-f11e-eb11-a814-000d3a9c7ff2,Clothing/Shoe/Accessory Stores,Germany,EMEA,1168,5,12,Clothing/Shoe/Accessory Stores,AN-100169
"Corwin Inc (Sukumo, Japan)",4927 Reinke Street,Hamburg,HH,22111,Germany,53.5483785,10.078217,341-805-2095,16000000,6000,Anne Weiler,5b53ccd5-ef1e-eb11-a814-000d3a9c7ff2,"Computer Software: Programming, Data Processing",Germany,EMEA,1170,8,12,"Computer Software: Programming, Data Processing",AN-100171
"Tremblay Inc (Vitry-sur-Seine, France)",565 Messerschmidt Drive,Wuppertal,NW,42285,Germany,51.256002,7.1736304,224-477-4508,41000000,2000,Anne Weiler,6e87ebc3-de1e-eb11-a814-000d3a9c7ff2,Hospital/Nursing Management,Germany,EMEA,1171,15,12,Hospital/Nursing Management,AN-100172
Fay-Ebert,62296 5th Hill,Saarbrücken,SL,66119,Germany,49.2088164,7.0075837,802-891-4728,42000000,4400,Anne Weiler,8ad3ccb9-e51e-eb11-a814-000d3a9c7ff2,Telecommunications Equipment,Germany,EMEA,1172,42,12,Telecommunications Equipment,AN-100173
Corkery-Reinger,39588 Haas Road,Stykkishólmur,,340,Iceland,65.0775016,-22.7234818,+354-570-728-7607,177000000,1900,Anne Weiler,0e6e868d-f51e-eb11-a814-000d3a9c7ff2,Major Chemicals,Iceland,EMEA,1174,21,12,Major Chemicals,AN-100175
"Abbott LLC (Philadelphia, Pennsylvania)",70 Gulseth Alley,Ridderkerk,11,2989,Netherlands,51.8530202,4.6175276,+31-734-720-3386,122000000,9100,Anne Weiler,fffffc00-f81e-eb11-a814-000d3a9c7ff2,Major Pharmaceuticals,Netherlands,EMEA,1176,22,12,Major Pharmaceuticals,AN-100177
"Gleason-Kessler (Pentre, United Kingdom)",6219 Hagan Terrace,Priozërsk,,188760,Russia,61.0390194,30.1341099,+7-247-844-9066,176000000,7600,Anne Weiler,98169f05-f01e-eb11-a814-000d3a9c7ff2,Medical/Nursing Services,Russia,EMEA,1177,26,12,Medical/Nursing Services,AN-100178
Abbott LLC  (Illinois),10707 Nevada Street,Clanwilliam,,8138,South Africa,-25.8700559,28.158466,+27-607-246-7148,28000000,9600,Anne Weiler,7b8c9a69-f51e-eb11-a814-000d3a9c7ff2,Business Services,South Africa,EMEA,1178,4,12,Business Services,AN-100179
Grimes-Bailey,77542 Calypso Crossing,Göteborg,O,411 10,Sweden,57.7040021,11.9696406,+46-493-971-9974,176000000,2700,Anne Weiler,835f7a11-de1e-eb11-a814-000d3a9c7ff2,Real Estate Investment Trusts,Sweden,EMEA,1179,37,12,Real Estate Investment Trusts,AN-100180
Morissette-Herzog,8 Carpenter Crossing,Umm al Qaywayn,,,United Arab Emirates,25.5204824,55.7133909,957-337-9753,85000000,3900,Anne Weiler,b4dd8d2e-f71e-eb11-a814-000d3a9c7ff2,Major Chemicals,United Arab Emirates,EMEA,1180,21,12,Major Chemicals,AN-100181
Abbott LLC  (Solomon Islands),322 Larry Hill,Merton,ENG,SW19,United Kingdom,51.4255297,-0.2050566,+44-186-709-0273,95000000,4300,Anne Weiler,f38391ff-dd1e-eb11-a814-000d3a9c7ff2,Major Pharmaceuticals,United Kingdom,EMEA,1183,22,12,Major Pharmaceuticals,AN-100184
Abbott LLC  (Oregon),3327 Thierer Parkway,Walton,ENG,CV35,United Kingdom,52.177639,-1.585418,+44-908-529-4813,190000000,7100,Anne Weiler,ad2cca22-f91e-eb11-a814-000d3a9c7ff2,Oil/Gas Transmission,United Kingdom,EMEA,1184,28,12,Oil/Gas Transmission,AN-100185
Abbott LLC  (Kentucky),950 Westport Way,Samayac,,10009,Guatemala,14.5802198,-91.4656296,+502-660-273-1179,59000000,2100,Sanjay Shah,2ccb63d5-e41e-eb11-a814-000d3a9c7ff2,n/a,Guatemala,LATAM,1186,0,8,n/a,AN-100187
"Jenkins-Bayer (Houston, Texas)",59634 Magdeline Point,London,ENG,W1F,United Kingdom,51.5136143,-0.1365486,+44-454-846-0153,45000000,2400,Anne Weiler,67999055-e41e-eb11-a814-000d3a9c7ff2,Real Estate Investment Trusts,United Kingdom,EMEA,1187,37,12,Real Estate Investment Trusts,AN-100188
Koch-McClure,562 Mcguire Alley,Milton,SCT,AB56,United Kingdom,57.6727414,-2.955445,+44-245-982-2530,165000000,5500,Anne Weiler,bf4fb68b-e41e-eb11-a814-000d3a9c7ff2,Life Insurance,United Kingdom,EMEA,1188,19,12,Life Insurance,AN-100189
"Harvey Inc (La Roche-sur-Yon, France)",4507 Leroy Drive,Walton,ENG,CV35,United Kingdom,52.177639,-1.585418,+44-224-920-7209,180000000,9700,Anne Weiler,7f3f14ef-f71e-eb11-a814-000d3a9c7ff2,Major Pharmaceuticals,United Kingdom,EMEA,1189,22,12,Major Pharmaceuticals,AN-100190
Roberts-Becker,41147 Elka Alley,Pentre,WLS,SY4,United Kingdom,52.753093,-2.941678,+44-865-468-2259,69000000,7600,Anne Weiler,169a9d7b-f51e-eb11-a814-000d3a9c7ff2,n/a,United Kingdom,EMEA,1190,0,12,n/a,AN-100191
"Johnston LLC (Trondheim, Norway)",79 Welch Crossing,Belfast,NIR,BT2,United Kingdom,54.5940619,-5.9308088,781-877-9475,30000000,4000,Anne Weiler,e3d871ca-f11e-eb11-a814-000d3a9c7ff2,Major Pharmaceuticals,United Kingdom,EMEA,1191,22,12,Major Pharmaceuticals,AN-100192
"Kshlerin-Little (Takahama, Japan)",41889 Ilene Avenue,El Quetzal,,12020,Guatemala,14.6213127,-90.5500942,+502-106-136-2038,176000000,2700,Sanjay Shah,a191a53e-f41e-eb11-a814-000d3a9c7ff2,Medical Specialities,Guatemala,LATAM,1192,24,8,Medical Specialities,AN-100193
"Kris and Sons (Denver, Colorado)",210 Old Shore Pass,Alcaldedíaz,,,Panama,9.1169815,-79.5715822,+507-295-588-3293,99000000,2300,Sanjay Shah,cad56441-f01e-eb11-a814-000d3a9c7ff2,Oil & Gas Production,Panama,LATAM,1194,27,8,Oil & Gas Production,AN-100195
"Davis Group (Bobigny, France)",993 Macpherson Junction,Brisbane,QLD,9010,Australia,-27.4697707,153.0251235,508-684-6697,91000000,4500,Renee Lo,c4bbeba1-e51e-eb11-a814-000d3a9c7ff2,Automotive Aftermarket,Australia,APAC,1197,2,6,Automotive Aftermarket,AN-100198
Abbott LLC  (Texas),657 Swallow Parkway,London,ENG,EC1V,United Kingdom,51.5267946,-0.0983812,632-154-8067,29000000,8200,Anne Weiler,a4f7b4b0-ed1e-eb11-a814-000d3a9c7ff2,Hospital/Nursing Management,United Kingdom,EMEA,1199,15,12,Hospital/Nursing Management,AN-100200
"Conn LLC (Parksville, Canada)",13200 Jay Junction,Stapleford,ENG,LN6,United Kingdom,53.10672,-0.687802,466-147-9437,64000000,9200,Anne Weiler,1dc2eaf8-f81e-eb11-a814-000d3a9c7ff2,Oil & Gas Production,United Kingdom,EMEA,1201,27,12,Oil & Gas Production,AN-100202
"Abbott, Beatty and Wilderman",0 Northwestern Way,Osoyoos,BC,N9V,Canada,49.03306,-119.45237,458-321-6652,190000000,7100,Alan Steiner,1540c9c5-e51e-eb11-a814-000d3a9c7ff2,Clothing/Shoe/Accessory Stores,Canada,North America,1209,5,10,Clothing/Shoe/Accessory Stores,AN-100210
"Abbott, Beatty and Zboncak",39 Waxwing Plaza,Aberdeen,SCT,AB39,United Kingdom,56.968436,-2.2508745,517-743-7138,99000000,5400,Anne Weiler,2d6143ef-e61e-eb11-a814-000d3a9c7ff2,Restaurants,United Kingdom,EMEA,1210,39,12,Restaurants,AN-100211
"Abbott, Beier and Torp",43803 Charing Cross Alley,Colón,,,Panama,9.359302,-79.8998608,+507-398-537-2228,48000000,2200,Sanjay Shah,52a8ba26-ed1e-eb11-a814-000d3a9c7ff2,Transportation Services,Panama,LATAM,1211,43,8,Transportation Services,AN-100212
"Abbott, Bernhard and McKenzie",5381 Haas Hill,Lévis,QC,G6W,Canada,46.7530428,-71.2196569,144-293-1315,177000000,1900,Alan Steiner,d2797940-f31e-eb11-a814-000d3a9c7ff2,Restaurants,Canada,North America,1215,39,10,Restaurants,AN-100216
"Abbott, Boehm and Kutch",5550 Hallows Court,Lac La Biche,AB,E1W,Canada,54.7669,-111.96861,940-978-6396,39000000,5200,Alan Steiner,bf57e554-e61e-eb11-a814-000d3a9c7ff2,Savings Institutions,Canada,North America,1217,40,10,Savings Institutions,AN-100218
"Abbott, Boehm and Orn",6 Twin Pines Alley,Guararé,,,Panama,7.8086531,-80.2711588,+507-943-582-7947,46000000,1600,Sanjay Shah,3f91b142-f81e-eb11-a814-000d3a9c7ff2,Computer Software: Prepackaged Software,Panama,LATAM,1218,7,8,Computer Software: Prepackaged Software,AN-100219
"Abbott, Botsford and Rempel",273 Sheridan Lane,Omemee,ON,V1E,Canada,44.29897,-78.55989,304-509-0097,92000000,8000,Alan Steiner,b2dd633b-e71e-eb11-a814-000d3a9c7ff2,Real Estate Investment Trusts,Canada,North America,1219,37,10,Real Estate Investment Trusts,AN-100220
"Abbott, Breitenberg and Hickle",64 Kingsford Pass,Strathmore,AB,T1P,Canada,51.0376583,-113.3992725,777-100-3322,96000000,10000,Alan Steiner,b40e5e84-f41e-eb11-a814-000d3a9c7ff2,Property-Casualty Insurers,Canada,North America,1222,35,10,Property-Casualty Insurers,AN-100223
"Abbott, Breitenberg and Schoen",0 Dayton Alley,Río Alejandro,,,Panama,9.3733566,-79.7890462,+507-353-330-8118,48000000,2200,Sanjay Shah,e17ad4b3-e51e-eb11-a814-000d3a9c7ff2,Oilfield Services/Equipment,Panama,LATAM,1223,29,8,Oilfield Services/Equipment,AN-100224
"Abbott, Conroy and Torp",69010 Calypso Alley,San Isidro,NLE,64103,Mexico,25.7232439,-100.3671389,670-398-8345,90000000,9600,Molly Clark,72178e87-f51e-eb11-a814-000d3a9c7ff2,Hospital/Nursing Management,Mexico,North America,1226,15,1,Hospital/Nursing Management,AN-100227
"Abbott, Corkery and Marks",8 Birchwood Way,La Cruz,JAL,47707,Mexico,23.9211737,-106.8915948,917-993-4683,95000000,6400,Molly Clark,00c48905-de1e-eb11-a814-000d3a9c7ff2,Property-Casualty Insurers,Mexico,North America,1227,35,1,Property-Casualty Insurers,AN-100228
"Abbott, Cruickshank and Kreiger",444 Hayes Drive,Timmins,ON,P4P,Canada,48.4980698,-81.3463468,871-568-7926,156000000,4400,Alan Steiner,cfc3eba1-e51e-eb11-a814-000d3a9c7ff2,Restaurants,Canada,North America,1228,39,10,Restaurants,AN-100229
"Abbott, Cummings and Schamberger",6066 Fuller Pass,Mont-Tremblant,QC,J8E,Canada,46.1223915,-74.5838514,297-703-9088,36000000,2200,Alan Steiner,54cf2b83-ef1e-eb11-a814-000d3a9c7ff2,Ordnance And Accessories,Canada,North America,1230,30,10,Ordnance And Accessories,AN-100231
"Abbott, Cummings and Schiller",0 American Way,Tambobamba,,,Peru,-13.945728,-72.1756733,+51-335-543-0389,39000000,2100,Sanjay Shah,2cfb9ce4-eb1e-eb11-a814-000d3a9c7ff2,Major Banks,Peru,LATAM,1231,20,8,Major Banks,AN-100232
"Abbott, Dooley and Prohaska",928 Badeau Terrace,Las Animas,GRO,39280,Mexico,19.2558715,-99.0165468,758-288-6146,106000000,9200,Molly Clark,a2d46441-f01e-eb11-a814-000d3a9c7ff2,Oilfield Services/Equipment,Mexico,North America,1235,29,1,Oilfield Services/Equipment,AN-100236
"Abbott, Dooley and Senger",6879 Kensington Junction,Summerside,PE,C1N,Canada,46.4027492,-63.7716391,592-618-4518,76000000,6600,Alan Steiner,dc9b94f0-eb1e-eb11-a814-000d3a9c7ff2,Hospital/Nursing Management,Canada,North America,1236,15,10,Hospital/Nursing Management,AN-100237
"Abbott, Durgan and Wintheiser",033 Ohio Drive,Mount Pearl,NL,A1N,Canada,47.5206407,-52.8076818,191-176-5821,74000000,9300,Alan Steiner,8d89fc42-e61e-eb11-a814-000d3a9c7ff2,Recreational Products/Toys,Canada,North America,1238,38,10,Recreational Products/Toys,AN-100239
"Abbott, Ebert and Moen",893 Sloan Park,Ashcroft,BC,L0R,Canada,50.72372,-121.28207,466-210-9588,173000000,6300,Alan Steiner,d51cde18-f81e-eb11-a814-000d3a9c7ff2,Life Insurance,Canada,North America,1240,19,10,Life Insurance,AN-100241
"Abbott, Effertz and Dicki",9715 Carpenter Circle,Los Fresnos,GUA,36750,Mexico,20.9455701,-101.4423451,145-708-7902,97000000,4000,Molly Clark,0706c90a-f51e-eb11-a814-000d3a9c7ff2,Medical/Dental Instruments,Mexico,North America,1241,25,1,Medical/Dental Instruments,AN-100242
"Abbott, Effertz and Kirlin",31 Linden Parkway,San Isidro,VER,94723,Mexico,19.482042,-99.1985584,921-346-9443,75000000,7300,Molly Clark,3f9c2fa8-f41e-eb11-a814-000d3a9c7ff2,Major Chemicals,Mexico,North America,1243,21,1,Major Chemicals,AN-100244
"Abbott, Farrell and Zieme",75604 Evergreen Way,Dorchester,ON,E4K,Canada,45.900828,-64.5169467,619-706-6934,74000000,6300,Alan Steiner,8fae5adc-f11e-eb11-a814-000d3a9c7ff2,Property-Casualty Insurers,Canada,North America,1245,35,10,Property-Casualty Insurers,AN-100246
"Abbott, Feil and Denesik",5 Clove Place,Meadow Lake,SK,S9X,Canada,54.1212091,-108.4295552,383-436-0398,7000000,7500,Alan Steiner,3a3d3b77-ef1e-eb11-a814-000d3a9c7ff2,Air Freight/Delivery Services,Canada,North America,1246,1,10,Air Freight/Delivery Services,AN-100247
"Abbott, Frami and Brown",99193 Ridgeview Place,Aston,ENG,TF6,United Kingdom,52.684744,-2.569913,735-631-7154,36000000,7400,Anne Weiler,a5cb4ed7-f61e-eb11-a814-000d3a9c7ff2,Life Insurance,United Kingdom,EMEA,1248,19,12,Life Insurance,AN-100249
"Abbott, Friesen and Breitenberg",7277 Utah Circle,Victoria,BC,V9A,Canada,48.4373686,-123.4112839,414-315-2628,144000000,3400,Alan Steiner,c6204df6-f31e-eb11-a814-000d3a9c7ff2,Packaged Foods,Canada,North America,1249,32,10,Packaged Foods,AN-100250
"Abbott, Funk and Feest",4183 Shasta Avenue,Grand Bank,NL,E8K,Canada,47.09995,-55.76504,480-279-1444,87000000,9400,Alan Steiner,c1366f9f-f51e-eb11-a814-000d3a9c7ff2,Diversified Commercial Services,Canada,North America,1250,9,10,Diversified Commercial Services,AN-100251
"Abbott, Gleichner and Leuschke",52 Mallory Street,Normandin,QC,G0H,Canada,48.83328,-72.53209,245-904-1590,10000000,3200,Alan Steiner,e4a1c3c6-eb1e-eb11-a814-000d3a9c7ff2,Ordnance And Accessories,Canada,North America,1252,30,10,Ordnance And Accessories,AN-100253
"Abbott, Gottlieb and Bergnaum",50 Vera Plaza,Sydney,NSW,1171,Australia,-33.863927,151.201887,246-638-2958,48000000,1800,Renee Lo,4c22a2b4-f31e-eb11-a814-000d3a9c7ff2,Water Supply,Australia,APAC,1254,44,6,Water Supply,AN-100255
"Abbott, Gottlieb and Homenick",3 Burrows Court,Beausejour,MB,M1C,Canada,50.0622,-96.51669,911-769-5930,31000000,8000,Alan Steiner,b614ca1a-ed1e-eb11-a814-000d3a9c7ff2,Ordnance And Accessories,Canada,North America,1255,30,10,Ordnance And Accessories,AN-100256
"Abbott, Green and Rutherford",4641 Mcguire Plaza,Acarí,,,Peru,-15.4384565,-74.6180833,+51-108-773-6157,156000000,4400,Sanjay Shah,cfd3bce1-ef1e-eb11-a814-000d3a9c7ff2,n/a,Peru,LATAM,1257,0,8,n/a,AN-100258
"Abbott, Greenfelder and Grant",88 Thompson Terrace,Eastern Suburbs Mc,NSW,1325,Australia,-33.93274,151.188577,912-227-9263,96000000,2900,Renee Lo,49cf3acc-f01e-eb11-a814-000d3a9c7ff2,Transportation Services,Australia,APAC,1258,43,6,Transportation Services,AN-100259
"Abbott, Greenfelder and Harber",58385 Oak Valley Alley,Carhuamayo,,,Peru,-10.9207843,-76.0594972,+51-388-343-1842,48000000,1800,Sanjay Shah,ea301f0c-f21e-eb11-a814-000d3a9c7ff2,Real Estate Investment Trusts,Peru,LATAM,1259,37,8,Real Estate Investment Trusts,AN-100260
"Abbott, Greenfelder and Hills",775 Gale Alley,Lévis,QC,G6W,Canada,46.7530428,-71.2196569,434-940-6219,68000000,6500,Alan Steiner,648b3043-f61e-eb11-a814-000d3a9c7ff2,Hospital/Nursing Management,Canada,North America,1260,15,10,Hospital/Nursing Management,AN-100261
"Abbott, Greenholt and Kihn",2 Hooker Parkway,New-Richmond,QC,J7R,Canada,48.16059,-65.85823,348-361-3311,122000000,6200,Alan Steiner,ffdabce1-ef1e-eb11-a814-000d3a9c7ff2,Air Freight/Delivery Services,Canada,North America,1262,1,10,Air Freight/Delivery Services,AN-100263
"Abbott, Halvorson and Hackett",12 Hoffman Street,Sydney,NSW,1033,Australia,-33.8688197,151.2092955,797-285-0589,45000000,9400,Renee Lo,728dc12b-f11e-eb11-a814-000d3a9c7ff2,Precious Metals,Australia,APAC,1270,34,6,Precious Metals,AN-100271
"Abbott, Halvorson and Rau",3904 Forster Street,Port-Cartier,QC,G5B,Canada,50.0234664,-66.8869412,404-777-2042,38000000,9100,Alan Steiner,0b4e2b07-dd1e-eb11-a814-000d3a9c7ff2,Industrial Machinery/Components,Canada,North America,1271,16,10,Industrial Machinery/Components,AN-100272
"Abbott, Hammes and Bartoletti",334 Donald Plaza,Magog,QC,J1X,Canada,45.2879358,-72.1547927,990-157-9287,165000000,5500,Alan Steiner,3cccccb9-e51e-eb11-a814-000d3a9c7ff2,Food Distributors,Canada,North America,1272,12,10,Food Distributors,AN-100273
"Abbott, Hammes and Marquardt",668 Ilene Parkway,La Tinguiña,,,Peru,-14.0393995,-75.7051647,+51-125-455-3249,82000000,3100,Sanjay Shah,fd56c220-ed1e-eb11-a814-000d3a9c7ff2,Industrial Machinery/Components,Peru,LATAM,1274,16,8,Industrial Machinery/Components,AN-100275
"Abbott, Hane and Feil",3 Darwin Parkway,Eastern Suburbs Mc,NSW,1315,Australia,-38.043127,145.297768,485-513-6645,76000000,4600,Renee Lo,e93502be-e21e-eb11-a814-000d3a9c7ff2,Oil & Gas Production,Australia,APAC,1275,27,6,Oil & Gas Production,AN-100276
"Abbott, Heaney and Rempel",5824 Oakridge Street,Windsor,ON,J1S,Canada,45.5787215,-72.001055,347-101-8379,67000000,4000,Alan Steiner,1502c136-f81e-eb11-a814-000d3a9c7ff2,Recreational Products/Toys,Canada,North America,1277,38,10,Recreational Products/Toys,AN-100278
"Abbott, Heidenreich and Beer",18571 Steensland Lane,Lacombe,AB,T4L,Canada,52.4630512,-113.7286241,541-640-4520,97000000,9200,Alan Steiner,8dec7699-f51e-eb11-a814-000d3a9c7ff2,Medical/Nursing Services,Canada,North America,1279,26,10,Medical/Nursing Services,AN-100280
"Abbott, Heller and Schimmel",6935 Emmet Pass,Invermere,BC,J1K,Canada,50.51666,-116.03538,701-222-5227,87000000,8900,Alan Steiner,ed14214f-f61e-eb11-a814-000d3a9c7ff2,Major Pharmaceuticals,Canada,North America,1281,22,10,Major Pharmaceuticals,AN-100282
"Abbott, Herman and Stroman",2559 Scott Parkway,Ashley,ENG,SN13,United Kingdom,51.4139633,-2.2685462,486-827-2315,44000000,5400,Anne Weiler,1fd5d114-ed1e-eb11-a814-000d3a9c7ff2,Oilfield Services/Equipment,United Kingdom,EMEA,1282,29,12,Oilfield Services/Equipment,AN-100283
"Abbott, Hermiston and Tillman",349 Golf Pass,Australia Square,NSW,1213,Australia,-33.8651294,151.2078882,865-592-3715,174000000,8000,Renee Lo,2b39eaff-f21e-eb11-a814-000d3a9c7ff2,Water Supply,Australia,APAC,1284,44,6,Water Supply,AN-100285
"Abbott, Herzog and Hartmann",2 Clarendon Pass,Cochrane,AB,T4C,Canada,51.1909883,-114.4678603,173-861-0859,85000000,4800,Alan Steiner,b37179c5-e61e-eb11-a814-000d3a9c7ff2,Marine Transportation,Canada,North America,1285,23,10,Marine Transportation,AN-100286
"Abbott, Hickle and Halvorson",90071 Golf Junction,Concord,ON,L4K,Canada,43.798329,-79.5079073,710-483-7604,86000000,3200,Alan Steiner,0df0e3a7-e51e-eb11-a814-000d3a9c7ff2,Investment Managers,Canada,North America,1286,18,10,Investment Managers,AN-100287
"Abbott, Homenick and Emmerich",0 Twin Pines Lane,Assiniboia,SK,H3C,Canada,49.63336,-105.98446,400-659-3769,95000000,9700,Alan Steiner,fd0ce3fe-f81e-eb11-a814-000d3a9c7ff2,Medical Specialities,Canada,North America,1289,24,10,Medical Specialities,AN-100290
"Abbott, Jacobi and Goyette",5 Bartillon Street,Baie-Saint-Paul,QC,G3Z,Canada,47.4376347,-70.5082419,462-510-9731,46000000,1600,Alan Steiner,63de8d2e-f71e-eb11-a814-000d3a9c7ff2,Biotechnology: Commercial Physical & Biological Resarch,Canada,North America,1293,3,10,Biotechnology: Commercial Physical & Biological Resarch,AN-100294
"Abbott, Jakubowski and Hudson",531 Farragut Circle,Forestville,QC,G2B,Canada,48.73808,-69.08478,762-756-8956,133000000,2600,Alan Steiner,bad2633b-e71e-eb11-a814-000d3a9c7ff2,Recreational Products/Toys,Canada,North America,1296,38,10,Recreational Products/Toys,AN-100297
"Abbott, Jaskolski and Becker",9939 Rutledge Terrace,Espanola,ON,P5E,Canada,46.2657181,-81.771057,693-159-9653,21000000,9700,Alan Steiner,d35fd61e-f81e-eb11-a814-000d3a9c7ff2,Restaurants,Canada,North America,1297,39,10,Restaurants,AN-100298
"Abbott, Johnson and Konopelski",6342 Warrior Drive,Arma,,,Peru,-12.09985,-77.0197479,+51-923-494-7326,60000000,3000,Sanjay Shah,870dbeed-ef1e-eb11-a814-000d3a9c7ff2,Oil/Gas Transmission,Peru,LATAM,1299,28,8,Oil/Gas Transmission,AN-100300
